0|1|2|3|4|5|6|7|8|source_page|9|10|council|province|district|constituency
2010 Population|||2022 Population|||"Average Annual Population
Growth Rate 2010- 2022"|||22|||Rufunsa Town Council|Lusaka Province|Rufunsa|Rufunsa
Male|Female|Total|Male|Female|Total|Male|Female|Total|22|||Rufunsa Town Council|Lusaka Province|Rufunsa|Rufunsa
25,785|25,217|51,002|41,478|40,255|81,733|4.0|4.0|4.0|22|||Rufunsa Town Council|Lusaka Province|Rufunsa|Rufunsa
Population|Land Area|"Population Density (Pop/Land
Area)"|||||||23|||Rufunsa Town Council|Lusaka Province|Rufunsa|Rufunsa
82,347|9,446.0|8.7|||||||23|||Rufunsa Town Council|Lusaka Province|Rufunsa|Rufunsa
Age Group|Total||||||||23|||Rufunsa Town Council|Lusaka Province|Rufunsa|Rufunsa
0-9|16,619||||||||23|||Rufunsa Town Council|Lusaka Province|Rufunsa|Rufunsa
10-19|13,455||||||||23|||Rufunsa Town Council|Lusaka Province|Rufunsa|Rufunsa
20-29|7,144||||||||23|||Rufunsa Town Council|Lusaka Province|Rufunsa|Rufunsa
30-39|5,029||||||||23|||Rufunsa Town Council|Lusaka Province|Rufunsa|Rufunsa
40-49|3,234||||||||23|||Rufunsa Town Council|Lusaka Province|Rufunsa|Rufunsa
50-59|2,227||||||||23|||Rufunsa Town Council|Lusaka Province|Rufunsa|Rufunsa
60 +|3,294||||||||23|||Rufunsa Town Council|Lusaka Province|Rufunsa|Rufunsa
Rural/Urban|1990|2000|2010||||||24|||Rufunsa Town Council|Lusaka Province|Rufunsa|Rufunsa
Child Dependency Ratio|80.4|76.7|69.7||||||24|||Rufunsa Town Council|Lusaka Province|Rufunsa|Rufunsa
Aged Dependency Ratio|2|2.6|2.8||||||24|||Rufunsa Town Council|Lusaka Province|Rufunsa|Rufunsa
Overall Dependency Ratio|82.4|79.3|72.5||||||24|||Rufunsa Town Council|Lusaka Province|Rufunsa|Rufunsa
Category|2017|2018|2019|2020|2021|2022|||24|||Rufunsa Town Council|Lusaka Province|Rufunsa|Rufunsa
Total Male (no.)|32509|33984|35,396|36441|39,456|41,807|||24|||Rufunsa Town Council|Lusaka Province|Rufunsa|Rufunsa
"Total Female
(no.)"|33139|34643|34,008|35011|37,909|40,540|||24|||Rufunsa Town Council|Lusaka Province|Rufunsa|Rufunsa
"Total
Population"|65648|68627|69,404|71,452|77,365|82,347|||24|||Rufunsa Town Council|Lusaka Province|Rufunsa|Rufunsa
S/N|WARD|TOTAL|MALE|FEMALE|||||25|||Rufunsa Town Council|Lusaka Province|Rufunsa|Rufunsa
1|Bunda-bunda|12,063|6,176|5,887|||||25|||Rufunsa Town Council|Lusaka Province|Rufunsa|Rufunsa
2|Nyangwena|8,206|4,141|4,065|||||25|||Rufunsa Town Council|Lusaka Province|Rufunsa|Rufunsa
3|Kabuyu|3,669|1,848|1,821|||||25|||Rufunsa Town Council|Lusaka Province|Rufunsa|Rufunsa
4|Mwachilele|3,185|1,610|1,575|||||25|||Rufunsa Town Council|Lusaka Province|Rufunsa|Rufunsa
5|Namanongo|5,139|2,669|2,470|||||25|||Rufunsa Town Council|Lusaka Province|Rufunsa|Rufunsa
6|Chintimbwi|7,045|3,380|3,665|||||25|||Rufunsa Town Council|Lusaka Province|Rufunsa|Rufunsa
7|Rufunsa|9,930|4,910|4,065|||||25|||Rufunsa Town Council|Lusaka Province|Rufunsa|Rufunsa
8|Shikabeta|2,119|1,077|1,042|||||25|||Rufunsa Town Council|Lusaka Province|Rufunsa|Rufunsa
9|Kankumba|8,833|4,544|4,289|||||25|||Rufunsa Town Council|Lusaka Province|Rufunsa|Rufunsa
10|Mankhanda|5,843|2,868|2,975|||||25|||Rufunsa Town Council|Lusaka Province|Rufunsa|Rufunsa
11|Chamulimba|6,389|3,335|3,054|||||25|||Rufunsa Town Council|Lusaka Province|Rufunsa|Rufunsa
12|Mulamba|9,926|5,249|4,677|||||25|||Rufunsa Town Council|Lusaka Province|Rufunsa|Rufunsa
|TOTAL POPULATION|82,347|41,807|40,540|||||25|||Rufunsa Town Council|Lusaka Province|Rufunsa|Rufunsa
Category|percent|2017|2018|2019|||||25|||Rufunsa Town Council|Lusaka Province|Rufunsa|Rufunsa
"Children 0 –
11 Months"|"3.70
percent"|2417|2539|2765|||||25|||Rufunsa Town Council|Lusaka Province|Rufunsa|Rufunsa
12-59 Months|"12.90
percent"|8507|8853|11058|||||25|||Rufunsa Town Council|Lusaka Province|Rufunsa|Rufunsa
5+ Years|"87.90
percent"|57705|60323|60752|||||25|||Rufunsa Town Council|Lusaka Province|Rufunsa|Rufunsa
"Women 15 –
49 Years
(WCBA)"|"26.50
percent"|17401|18529|18661|||||25|||Rufunsa Town Council|Lusaka Province|Rufunsa|Rufunsa
Total Male|"49.50
percent"|32509|33984|35,396|||||25|||Rufunsa Town Council|Lusaka Province|Rufunsa|Rufunsa
Total Female|"50.50
percent"|33139|34643|34,008|||||25|||Rufunsa Town Council|Lusaka Province|Rufunsa|Rufunsa
|||||||||25|||Rufunsa Town Council|Lusaka Province|Rufunsa|Rufunsa
"Expected
Pregnancies"|"5.40
percent"|3545|3706|3732|||||26|||Rufunsa Town Council|Lusaka Province|Rufunsa|Rufunsa
"Expected
Deliveries"|"5.20
percent"|3324|3569|3594|||||26|||Rufunsa Town Council|Lusaka Province|Rufunsa|Rufunsa
"Expected
Live Births"|"4.95
percent"|3196|3431|3421|||||26|||Rufunsa Town Council|Lusaka Province|Rufunsa|Rufunsa
No.|Ward|Total Population|||||||26|||Rufunsa Town Council|Lusaka Province|Rufunsa|Rufunsa
||Total|Male|Female|||||26|||Rufunsa Town Council|Lusaka Province|Rufunsa|Rufunsa
1|Bunda-bunda|12,063|6,176|5,887|||||26|||Rufunsa Town Council|Lusaka Province|Rufunsa|Rufunsa
2|Nyangwena|8,206|4,141|4,065|||||26|||Rufunsa Town Council|Lusaka Province|Rufunsa|Rufunsa
3|Kabuyu|3,669|1,848|1,821|||||26|||Rufunsa Town Council|Lusaka Province|Rufunsa|Rufunsa
4|Mwachilele|3,185|1,610|1,575|||||26|||Rufunsa Town Council|Lusaka Province|Rufunsa|Rufunsa
5|Namanongo|5,139|2,669|2,470|||||26|||Rufunsa Town Council|Lusaka Province|Rufunsa|Rufunsa
6|Chintimbwi|7,045|3,380|3,665|||||26|||Rufunsa Town Council|Lusaka Province|Rufunsa|Rufunsa
7|Rufunsa|9,930|4,910|4,065|||||26|||Rufunsa Town Council|Lusaka Province|Rufunsa|Rufunsa
9|Shikabeta|2,119|1,077|1,042|||||26|||Rufunsa Town Council|Lusaka Province|Rufunsa|Rufunsa
10|Kankumba|8,833|4,544|4,289|||||26|||Rufunsa Town Council|Lusaka Province|Rufunsa|Rufunsa
11|Mankhanda|5,843|2,868|2,975|||||26|||Rufunsa Town Council|Lusaka Province|Rufunsa|Rufunsa
12|Chamulimba|6,389|3,335|3,054|||||26|||Rufunsa Town Council|Lusaka Province|Rufunsa|Rufunsa
YEAR|POPULATION||||||||27|||Rufunsa Town Council|Lusaka Province|Rufunsa|Rufunsa
2020|71452||||||||27|||Rufunsa Town Council|Lusaka Province|Rufunsa|Rufunsa
2025|81677||||||||27|||Rufunsa Town Council|Lusaka Province|Rufunsa|Rufunsa
2030|91902||||||||27|||Rufunsa Town Council|Lusaka Province|Rufunsa|Rufunsa
2040|112352||||||||27|||Rufunsa Town Council|Lusaka Province|Rufunsa|Rufunsa
District|2010 (Before splitting)|||2010 (After splitting)|||2020||27|||Rufunsa Town Council|Lusaka Province|Rufunsa|Rufunsa
|Total|Male|"Femal
e"|Total|Male|"Femal
e"|Total|Male|27|Female||Rufunsa Town Council|Lusaka Province|Rufunsa|Rufunsa
"Chongw
e"|"192,30
3"|96,685|95,618|"141,30
1"|"70,90
0"|"70,40
1"|"229,90
1"|"115,41
0"|27|"114,49
1"||Rufunsa Town Council|Lusaka Province|Rufunsa|Rufunsa
Kafue|"227,46
6"|"113,91
0"|"11355
6"|"120,41
5"|"60,04
7"|"60,36
8"|"183,99
5"|91,814|27|92,181||Rufunsa Town Council|Lusaka Province|Rufunsa|Rufunsa
Rufunsa|N/a|N/a|N/a|51,002|"25,78
5"|"25,21
7"|71,452|36155|27|35,297||Rufunsa Town Council|Lusaka Province|Rufunsa|Rufunsa
|Total|Male|Female||||||30|||Rufunsa Town Council|Lusaka Province|Rufunsa|Rufunsa
Total Population|51,002|25,785|25,217||||||30|||Rufunsa Town Council|Lusaka Province|Rufunsa|Rufunsa
Working age population 20 years or older|17,634|8,834|8,800||||||30|||Rufunsa Town Council|Lusaka Province|Rufunsa|Rufunsa
Rufunsa Labour Force|17,634|8,834|8,800||||||31|||Rufunsa Town Council|Lusaka Province|Rufunsa|Rufunsa
Sector of employment|||||||||31|||Rufunsa Town Council|Lusaka Province|Rufunsa|Rufunsa
Formal|1184|655|529||||||31|||Rufunsa Town Council|Lusaka Province|Rufunsa|Rufunsa
Informal|188|154|34||||||31|||Rufunsa Town Council|Lusaka Province|Rufunsa|Rufunsa
Total Employed Persons|1,372|809|563||||||31|||Rufunsa Town Council|Lusaka Province|Rufunsa|Rufunsa
Labour force participation rate|7.8 percent|9.1 percent|6.4 percent||||||31|||Rufunsa Town Council|Lusaka Province|Rufunsa|Rufunsa
Unemployed population|16,262|8,200|8,062||||||31|||Rufunsa Town Council|Lusaka Province|Rufunsa|Rufunsa
Unemployment Rate|92.2 percent|92.8 percent|91.6 percent||||||31|||Rufunsa Town Council|Lusaka Province|Rufunsa|Rufunsa
Youth Population|12,173|6,087|6,086||||||31|||Rufunsa Town Council|Lusaka Province|Rufunsa|Rufunsa
"S/N WARD NUMBER OF POOR TOTAL
POPULATION"|||||||||31|||Rufunsa Town Council|Lusaka Province|Rufunsa|Rufunsa
1|Mwachilele|3,414|8900||||||31|||Rufunsa Town Council|Lusaka Province|Rufunsa|Rufunsa
2|Nyangwena|5,946|5628||||||31|||Rufunsa Town Council|Lusaka Province|Rufunsa|Rufunsa
3|Bunda-Bunda|11,309|10588||||||31|||Rufunsa Town Council|Lusaka Province|Rufunsa|Rufunsa
4|Nyamanongo|2,522|4717||||||31|||Rufunsa Town Council|Lusaka Province|Rufunsa|Rufunsa
5|Rufunsa|12,827|15133||||||31|||Rufunsa Town Council|Lusaka Province|Rufunsa|Rufunsa
6|Mankanda|3,081|7268||||||31|||Rufunsa Town Council|Lusaka Province|Rufunsa|Rufunsa
7|Shikabeta|1,599|2341||||||31|||Rufunsa Town Council|Lusaka Province|Rufunsa|Rufunsa
|TOTAL|40,698|||||||31|||Rufunsa Town Council|Lusaka Province|Rufunsa|Rufunsa
S/N|"ROAD
NAME"|EXISTING STATUS|||||||38|||Rufunsa Town Council|Lusaka Province|Rufunsa|Rufunsa
1|Munyeta|"Munyeta area “the food basket” is located in Kabuyu Ward where
farming is main economic stay, hence a proper road network to connect
such a productive area becomes paramount. The road has only three (3)
major crossing points and becomes impassable during the rainy season.
This makes it difficult for farmers to transport their produce and the
community to access social services such as schools, clinics, police posts."|||||||38|||Rufunsa Town Council|Lusaka Province|Rufunsa|Rufunsa
2|Chomba|"The road is located on the North-Eastern part of the district in Shikabeta
Ward and is only passable during dry season. It has fourteen (14) crossing
points with no culverts or bridges installed"|||||||38|||Rufunsa Town Council|Lusaka Province|Rufunsa|Rufunsa
3|Shikabeta|"This area is located on the Northern part of the district. The road has a
poor section approximately 50 meters off the great east road, leaving it
impassable and poses a challenge to access other areas such as Chomba
as well as Lubalashi."|||||||38|||Rufunsa Town Council|Lusaka Province|Rufunsa|Rufunsa
4|Shimunguwo|"Shimunguwo is located on the eastern part of the district along the banks
of Luangwa River in Mankhanda Ward. During rainy season the
community relies on water transport to access most social services as the
roads become so impassable."|||||||38|||Rufunsa Town Council|Lusaka Province|Rufunsa|Rufunsa
5|Chipeketi|"Chipeketi area in Chintimbwi Ward has a poor road network and is
unmotorable during the rainy season resulting in communities covering
over 22km to access health service. The Road lacks and some crossing
points have poor culverts/bridges."|||||||38|||Rufunsa Town Council|Lusaka Province|Rufunsa|Rufunsa
6|Kamwesha|"Kamwesha area located within Chintimbwi Ward has a poor road
network which worsens during rainy season. This inhibits the provision
of adequate social services such as water supply."|||||||38|||Rufunsa Town Council|Lusaka Province|Rufunsa|Rufunsa
7|Chintili|"Chintili in Kankumba Ward has a poor road network during the rainy
season thus posing a challenge for the community to access social
services"|||||||38|||Rufunsa Town Council|Lusaka Province|Rufunsa|Rufunsa
Chipeketi|22|Gravel|Motorable|Chitimbwi|Ng'ombe,||||39|||Rufunsa Town Council|Lusaka Province|Rufunsa|Rufunsa
|||||Chapopa,||||39|||Rufunsa Town Council|Lusaka Province|Rufunsa|Rufunsa
|||||Mbuyakaluba,||||39|||Rufunsa Town Council|Lusaka Province|Rufunsa|Rufunsa
|||||Noashi,||||39|||Rufunsa Town Council|Lusaka Province|Rufunsa|Rufunsa
|||||Kamanuma||||39|||Rufunsa Town Council|Lusaka Province|Rufunsa|Rufunsa
Kamwesha|12|Gravel|"Non motorable
during rainy season"|Chitimbwi|"Shimwapona
1,2 &3,
Pokelela,
Chikwenya,
Mkumbatwemb
e"||||39|||Rufunsa Town Council|Lusaka Province|Rufunsa|Rufunsa
Shimungu’b|11|Gravel|Non motorable|Mankanda|Ngongo,||||39|||Rufunsa Town Council|Lusaka Province|Rufunsa|Rufunsa
o|||during rainy season||Chaziche,||||39|||Rufunsa Town Council|Lusaka Province|Rufunsa|Rufunsa
|||||Mkunkhu,||||39|||Rufunsa Town Council|Lusaka Province|Rufunsa|Rufunsa
|||||Shimuguwo||||39|||Rufunsa Town Council|Lusaka Province|Rufunsa|Rufunsa
"Munyeta
Road"|23|Gravel|"Non motorable
during rainy season"|Kabuyu|"Mwapula,
Munteta,
Kalome,
Musabanomwa"||||39|||Rufunsa Town Council|Lusaka Province|Rufunsa|Rufunsa
Mwachilele|23|Gravel|Partially motorable|Mwachilele|Mwabwindo,Ch||||39|||Rufunsa Town Council|Lusaka Province|Rufunsa|Rufunsa
|||even during rainy||ongwe||||39|||Rufunsa Town Council|Lusaka Province|Rufunsa|Rufunsa
|||season||||||39|||Rufunsa Town Council|Lusaka Province|Rufunsa|Rufunsa
Kazemba|15|Gravel|Motorable|Mwachilele|Kazemba||||39|||Rufunsa Town Council|Lusaka Province|Rufunsa|Rufunsa
Chaola|13|Gravel|Non motorable||Chipako,||||39|||Rufunsa Town Council|Lusaka Province|Rufunsa|Rufunsa
|||during rainy season||Rufunsa,||||39|||Rufunsa Town Council|Lusaka Province|Rufunsa|Rufunsa
|||||Chakoloka||||39|||Rufunsa Town Council|Lusaka Province|Rufunsa|Rufunsa
Shikabeta|40|Gravel|"Non motorable
during rainy season"|Shikabeta|"Mwanamango,
Kaulansando,
Njavia,
Chaponda"||||39|||Rufunsa Town Council|Lusaka Province|Rufunsa|Rufunsa
"Proposed Road
Names"|Description|"Road
Type"|Status|"Total
Km"|||||40|||Rufunsa Town Council|Lusaka Province|Rufunsa|Rufunsa
Tulalumbu road|T4-Kalubangwe Road|Gravel|"Motora
ble"|1.3|||||40|||Rufunsa Town Council|Lusaka Province|Rufunsa|Rufunsa
Kalubangwe road|T4 Junction - T4(DC’s houses)|Gravel|"Motora
ble"|6.1|||||40|||Rufunsa Town Council|Lusaka Province|Rufunsa|Rufunsa
Chintibwi road|"Kalubangwe (Zesco houses - Mission
Hospital)"|Gravel|"Motora
ble"|10|||||40|||Rufunsa Town Council|Lusaka Province|Rufunsa|Rufunsa
Unnamed road|DC,s houses - Government houses|Gravel|"Motora
ble"|0.2|||||40|||Rufunsa Town Council|Lusaka Province|Rufunsa|Rufunsa
Unnamed road|Civic center -Chintimbwi Rd|Gravel|"Motora
ble"|0.6|||||40|||Rufunsa Town Council|Lusaka Province|Rufunsa|Rufunsa
Unnamed road|Chintimbwi - DC’s Offices|Gravel|"Motora
ble"|0.4|||||40|||Rufunsa Town Council|Lusaka Province|Rufunsa|Rufunsa
S/N|EXISTING DEVELOPMENT PROGRAMS||||||||42|||Rufunsa Town Council|Lusaka Province|Rufunsa|Rufunsa
1|Completion of a Post Office||||||||42|||Rufunsa Town Council|Lusaka Province|Rufunsa|Rufunsa
2|"Rehabilitation of feeder roads: Chipeketi, Munyeta, Chakwenga and
RUTEC road."||||||||42|||Rufunsa Town Council|Lusaka Province|Rufunsa|Rufunsa
3|"Rehabilitation of culverts and bridges (Shikabeta bridge and Mulamba
culverts)"||||||||42|||Rufunsa Town Council|Lusaka Province|Rufunsa|Rufunsa
4|Erection of mobile network towers||||||||42|||Rufunsa Town Council|Lusaka Province|Rufunsa|Rufunsa
S/N|PROPOSED DEVELOPMENT PROGRAMS||||||||42|||Rufunsa Town Council|Lusaka Province|Rufunsa|Rufunsa
1|Establishment of the community Radio station||||||||42|||Rufunsa Town Council|Lusaka Province|Rufunsa|Rufunsa
3|Upgrading of feeder and Township roads to bituminous standard||||||||42|||Rufunsa Town Council|Lusaka Province|Rufunsa|Rufunsa
4|Installation of mobile network towers and extension of radio coverage||||||||42|||Rufunsa Town Council|Lusaka Province|Rufunsa|Rufunsa
5|Installation of overhead and underground fiber network||||||||42|||Rufunsa Town Council|Lusaka Province|Rufunsa|Rufunsa
6|Construction of Truck Parking Bay||||||||42|||Rufunsa Town Council|Lusaka Province|Rufunsa|Rufunsa
7|"Linking of the Great East road and the Great North road through the
Shikabeta road"||||||||42|||Rufunsa Town Council|Lusaka Province|Rufunsa|Rufunsa
8|"Rehabilitation of feeder road: Chaola, Chiyota, Shimunguwo,
Mweshang’ombe, Kashimpa and Kamwesha roads."||||||||42|||Rufunsa Town Council|Lusaka Province|Rufunsa|Rufunsa
S/N|FACILITY TYPE AND NAME|WARD|||||||45|||Rufunsa Town Council|Lusaka Province|Rufunsa|Rufunsa
1|Maternity Wing at Munyeta Health Post|Kabuyu|||||||45|||Rufunsa Town Council|Lusaka Province|Rufunsa|Rufunsa
2|Mwambashi Health Post|Kankumba|||||||45|||Rufunsa Town Council|Lusaka Province|Rufunsa|Rufunsa
3|Kashimpa Health Post|Bunda-Bunda|||||||45|||Rufunsa Town Council|Lusaka Province|Rufunsa|Rufunsa
4|Shimunguwo Health Post|Mankanda|||||||45|||Rufunsa Town Council|Lusaka Province|Rufunsa|Rufunsa
Category|2021||2022||2023||||46|||Rufunsa Town Council|Lusaka Province|Rufunsa|Rufunsa
|Number|%|Number|%|Number|%|||46|||Rufunsa Town Council|Lusaka Province|Rufunsa|Rufunsa
|||||||||46|||Rufunsa Town Council|Lusaka Province|Rufunsa|Rufunsa
"Children 0 – 11
Months"|3105|4|3217|4|3333|4|||46|||Rufunsa Town Council|Lusaka Province|Rufunsa|Rufunsa
<5 Years|15527|20|16086|20|16665|20|||46|||Rufunsa Town Council|Lusaka Province|Rufunsa|Rufunsa
"5 – 14
Years"|19409|25|20108|25|20831|25|||46|||Rufunsa Town Council|Lusaka Province|Rufunsa|Rufunsa
"Women 15 – 49
Year"|20961|27|21716|27|22497|27|||46|||Rufunsa Town Council|Lusaka Province|Rufunsa|Rufunsa
"All Adults 15
Years+"|45805|59|47454|59|49161|59|||46|||Rufunsa Town Council|Lusaka Province|Rufunsa|Rufunsa
"Total Male (All
ages)"|37575|48.4|38928|48.4|40329|48.4|||46|||Rufunsa Town Council|Lusaka Province|Rufunsa|Rufunsa
"Total Female (All
ages)"|40060|51.6|41502|51.6|42995|51.6|||46|||Rufunsa Town Council|Lusaka Province|Rufunsa|Rufunsa
Total Population\1|77,635||80,430||83,324||||46|||Rufunsa Town Council|Lusaka Province|Rufunsa|Rufunsa
"Population Growth
Rate"|||||||||46|||Rufunsa Town Council|Lusaka Province|Rufunsa|Rufunsa
|||||||||46|||Rufunsa Town Council|Lusaka Province|Rufunsa|Rufunsa
"Expected
Pregnancies"|4192|5.4|4343|5.4|4499|5.4|||46|||Rufunsa Town Council|Lusaka Province|Rufunsa|Rufunsa
Expected Delivers|4037|5.2|4182|5.2|4333|5.2|||46|||Rufunsa Town Council|Lusaka Province|Rufunsa|Rufunsa
"Expected Live
Births"|3882|5|4022|5|41662|5|||46|||Rufunsa Town Council|Lusaka Province|Rufunsa|Rufunsa
|SCHOOL CATEGORIES|NUMBER|||||||49|||Rufunsa Town Council|Lusaka Province|Rufunsa|Rufunsa
1|Secondary|13|||||||49|||Rufunsa Town Council|Lusaka Province|Rufunsa|Rufunsa
2|Primary|54|||||||49|||Rufunsa Town Council|Lusaka Province|Rufunsa|Rufunsa
3|Community|13|||||||49|||Rufunsa Town Council|Lusaka Province|Rufunsa|Rufunsa
4|Skills Centre|03|||||||49|||Rufunsa Town Council|Lusaka Province|Rufunsa|Rufunsa
5|Private|04|||||||49|||Rufunsa Town Council|Lusaka Province|Rufunsa|Rufunsa
6|University (Ambassador)|01|||||||49|||Rufunsa Town Council|Lusaka Province|Rufunsa|Rufunsa
|TOTAL|88|||||||49|||Rufunsa Town Council|Lusaka Province|Rufunsa|Rufunsa
S/N|LEVEL|MALE|FEMALE|TOTAL|||||50|||Rufunsa Town Council|Lusaka Province|Rufunsa|Rufunsa
1|Early Childhood Education|01|12|13|||||50|||Rufunsa Town Council|Lusaka Province|Rufunsa|Rufunsa
2|Primary|111|131|242|||||50|||Rufunsa Town Council|Lusaka Province|Rufunsa|Rufunsa
3|Secondary|75|40|115|||||50|||Rufunsa Town Council|Lusaka Province|Rufunsa|Rufunsa
TOTAL||187|183|370|||||50|||Rufunsa Town Council|Lusaka Province|Rufunsa|Rufunsa
Where Water is accessed|No. of Household||||||||62|||Rufunsa Town Council|Lusaka Province|Rufunsa|Rufunsa
District: Rufunsa|11689||||||||62|||Rufunsa Town Council|Lusaka Province|Rufunsa|Rufunsa
Piped water inside the dwelling|73||||||||62|||Rufunsa Town Council|Lusaka Province|Rufunsa|Rufunsa
Piped water inside the yard|36||||||||62|||Rufunsa Town Council|Lusaka Province|Rufunsa|Rufunsa
Piped water from access point outside the yard|21||||||||62|||Rufunsa Town Council|Lusaka Province|Rufunsa|Rufunsa
Borehole|11326||||||||62|||Rufunsa Town Council|Lusaka Province|Rufunsa|Rufunsa
Spring|39||||||||62|||Rufunsa Town Council|Lusaka Province|Rufunsa|Rufunsa
Dam/pool|0||||||||62|||Rufunsa Town Council|Lusaka Province|Rufunsa|Rufunsa
River/stream|194||||||||62|||Rufunsa Town Council|Lusaka Province|Rufunsa|Rufunsa
Rain water tank|0||||||||62|||Rufunsa Town Council|Lusaka Province|Rufunsa|Rufunsa
Other (specify)|0||||||||62|||Rufunsa Town Council|Lusaka Province|Rufunsa|Rufunsa
TOTAL|11689||||||||62|||Rufunsa Town Council|Lusaka Province|Rufunsa|Rufunsa
S./No|Name of the ward|Population|Total number of|Number of|||||62|||Rufunsa Town Council|Lusaka Province|Rufunsa|Rufunsa
|||existing boreholes|Boreholes|||||62|||Rufunsa Town Council|Lusaka Province|Rufunsa|Rufunsa
|||in the ward|Required|||||62|||Rufunsa Town Council|Lusaka Province|Rufunsa|Rufunsa
1|Rufunsa|16742|44|38|||||62|||Rufunsa Town Council|Lusaka Province|Rufunsa|Rufunsa
2|Chintimbwi|4661|25|11|||||62|||Rufunsa Town Council|Lusaka Province|Rufunsa|Rufunsa
3|Mankhanda|4042|27|17|||||62|||Rufunsa Town Council|Lusaka Province|Rufunsa|Rufunsa
4|Mulamba|9,926|22|10|||||62|||Rufunsa Town Council|Lusaka Province|Rufunsa|Rufunsa
4|Shikabeta|2954|26|7|||||62|||Rufunsa Town Council|Lusaka Province|Rufunsa|Rufunsa
5|Kankumba|5826|60|9|||||62|||Rufunsa Town Council|Lusaka Province|Rufunsa|Rufunsa
6|Bunda Bunda|15305|179|30|||||62|||Rufunsa Town Council|Lusaka Province|Rufunsa|Rufunsa
7|Mwachilele|4363|31|8|||||62|||Rufunsa Town Council|Lusaka Province|Rufunsa|Rufunsa
8|Chamulimba|6,389|31|10|||||62|||Rufunsa Town Council|Lusaka Province|Rufunsa|Rufunsa
8|Namanongo|2983|47|15|||||62|||Rufunsa Town Council|Lusaka Province|Rufunsa|Rufunsa
9|Kabuyu|4294|23|12|||||62|||Rufunsa Town Council|Lusaka Province|Rufunsa|Rufunsa
10|Nyangwena|8651|42|19|||||62|||Rufunsa Town Council|Lusaka Province|Rufunsa|Rufunsa
|TOTAL||554|186|||||62|||Rufunsa Town Council|Lusaka Province|Rufunsa|Rufunsa
Block|Name of|Number|Male|Female|No of||||73|||Rufunsa Town Council|Lusaka Province|Rufunsa|Rufunsa
Name|camp|of Zones|Farmers|Farmers|farmers||||73|||Rufunsa Town Council|Lusaka Province|Rufunsa|Rufunsa
|||||serviced||||73|||Rufunsa Town Council|Lusaka Province|Rufunsa|Rufunsa
Rufunsa|Lukwipa|8|677|385|1,062||||73|||Rufunsa Town Council|Lusaka Province|Rufunsa|Rufunsa
|Shikabeta|8|329|161|490||||73|||Rufunsa Town Council|Lusaka Province|Rufunsa|Rufunsa
|Mpanshya|8|452|275|727||||73|||Rufunsa Town Council|Lusaka Province|Rufunsa|Rufunsa
|Rufunsa Central|8|345|225|570||||73|||Rufunsa Town Council|Lusaka Province|Rufunsa|Rufunsa
|Chimusanya|10|1,347|1,001|2,348||||73|||Rufunsa Town Council|Lusaka Province|Rufunsa|Rufunsa
Bunda-Bunda|Sinjela|9|1,546|795|2,341||||73|||Rufunsa Town Council|Lusaka Province|Rufunsa|Rufunsa
|Chinyunyu|8|1,480|838|2,318||||73|||Rufunsa Town Council|Lusaka Province|Rufunsa|Rufunsa
|Ndubulula|8|457|172|629||||73|||Rufunsa Town Council|Lusaka Province|Rufunsa|Rufunsa
|Namanongo|8|575|108|683||||73|||Rufunsa Town Council|Lusaka Province|Rufunsa|Rufunsa
|Mwachilele|8|747|509|1,256||||73|||Rufunsa Town Council|Lusaka Province|Rufunsa|Rufunsa
|Nyangwena|8|1,144|679|1,823||||73|||Rufunsa Town Council|Lusaka Province|Rufunsa|Rufunsa
|Chiyota|8|874|579|1,453||||73|||Rufunsa Town Council|Lusaka Province|Rufunsa|Rufunsa
Totals||99|9,973|5724|15,700||||73|||Rufunsa Town Council|Lusaka Province|Rufunsa|Rufunsa
S/N|Service|KPI|Number of Beneficiaries.||||||75|||Rufunsa Town Council|Lusaka Province|Rufunsa|Rufunsa
01|"Extension
Services"|"Number of farmers accessing extension
services"|15,700||||||75|||Rufunsa Town Council|Lusaka Province|Rufunsa|Rufunsa
02|Farmer Inputs|Number of farmers accessing farmer|12,142||||||75|||Rufunsa Town Council|Lusaka Province|Rufunsa|Rufunsa
03|"irrigation
schemes"|"Number of farmers accessing irrigation
schemes"|"200 households to be
targeted for the two
irrigation schemes."||||||75|||Rufunsa Town Council|Lusaka Province|Rufunsa|Rufunsa
04|Fish Farming|Number of targeted beneficiaries.|||||||75|||Rufunsa Town Council|Lusaka Province|Rufunsa|Rufunsa
S/N|"NAME OF
ORGANISATION"|SERVICES.|"AREAS OF
CONSERVATION"|"PERFORMANCE
INDICATORS"|||||78|||Rufunsa Town Council|Lusaka Province|Rufunsa|Rufunsa
01|Forest Department.|"-Forest
protection and
management
-forest
extension and
publicity
- nursery
management/
woodlot
establishment
-beekeeping
technology
development
-formation of
community
forest
management
groups
-licensing of
forest products"|"Munyeta forest
reserve No. 399, and
the entire District in
collaboration with
partners."|"-Number of forest patrols
conducted
-Number of sensitisation
meetings conducted
Number of
woodlot/plantation
established
Number of beekeeping
trainings conducted
Number of community
Forest Management
Groups formed
Amount of revenue
raised"|||||78|||Rufunsa Town Council|Lusaka Province|Rufunsa|Rufunsa
02|CRB|"Patrols,
Sensitization
Providing
agriculture"|"All designated
conservation areas
in the three
chiefdoms of the
district"|" Number of forest
fires curbed
 Hectarage of
conversation areas
 Number of Gama
rangers engaged"|||||79|||Rufunsa Town Council|Lusaka Province|Rufunsa|Rufunsa
03|"Bio - Carbon
Partners"|"Designation of
Forest
Conservation
Supporting
CRB’s"|"Bunda bunda 4
zones"|" 40,126 Hectares has
been Conserved in
Bundabunda
 Approximately
97,000 hectares in
Mpashya
 In Shikabeta 101,348
hectors of land has
been conserved"|||||79|||Rufunsa Town Council|Lusaka Province|Rufunsa|Rufunsa
04|"National Parks and
Wildlife."|"Sensitization on
wild life
conservation,
Support CRB"|"Lower Zambezi,
Luano GMA"|"Number of Patrols in the
Lower Zambezi, and the
Luano and Rufunsa
GMA"|||||79|||Rufunsa Town Council|Lusaka Province|Rufunsa|Rufunsa
05|SCRALA|"Support climate
resilient
agricultural
practices."|The entire District||||||79|||Rufunsa Town Council|Lusaka Province|Rufunsa|Rufunsa
S/N|"NAME OF
ORGANISATION"|KEY INDICATORS OF PERFORMANCE IN 2026|||||||80|||Rufunsa Town Council|Lusaka Province|Rufunsa|Rufunsa
1|"Forestry department
Rufunsa."|"Protection and management 2022-2026
-80 forest and high way patrols to be conducted
Forest extension sensitisation meetings
-60 sensitization meetings held
Nursery management / seedling production
250,000 seedlings raised
Beekeeping trainings
-24 trainings to be conducted
Community forest management groups formation"|||||||80|||Rufunsa Town Council|Lusaka Province|Rufunsa|Rufunsa
||"-5 community forest management groups
Licencing / raise revenue
K3.500,000 raised"|||||||81|||Rufunsa Town Council|Lusaka Province|Rufunsa|Rufunsa
2|Bio-Carbon Partners|"By 2020 a total of 238,474 hectors of land in the district had been
conserved"|||||||81|||Rufunsa Town Council|Lusaka Province|Rufunsa|Rufunsa
S/N|Name Of Organisation|Proposed Investment And Development Programmes.|||||||81|||Rufunsa Town Council|Lusaka Province|Rufunsa|Rufunsa
1|CRB|Protection of Forests and Game Management Areas|||||||81|||Rufunsa Town Council|Lusaka Province|Rufunsa|Rufunsa
2|Forest Department|"-Plantation/ woodlot establishment
-Nursery establishment and management (seedling raising)
-Processing of honey and honey products
-Value addition to non-timber forest products
-Establishment of a sawmilling plant
-Formulation of community forest management groups
-Community sensitization meetings
-Training of beekeepers"|||||||81|||Rufunsa Town Council|Lusaka Province|Rufunsa|Rufunsa
||Forest patrols|||||||81|||Rufunsa Town Council|Lusaka Province|Rufunsa|Rufunsa
3|Bio-Carbon Partners|REDD Plus 30 years|||||||82|||Rufunsa Town Council|Lusaka Province|Rufunsa|Rufunsa
||Cash Dividends|||||||82|||Rufunsa Town Council|Lusaka Province|Rufunsa|Rufunsa
4|"Wildlife and National
Parks"|"Preparation of Game Management Plans for all Protected
areas"|||||||82|||Rufunsa Town Council|Lusaka Province|Rufunsa|Rufunsa
"VISION
“ An industrial hub for tourism, mining and agriculture through sustainable exploitation
of natural resources in Lusaka province by the year 2034”"|||||||||86|||Rufunsa Town Council|Lusaka Province|Rufunsa|Rufunsa
Economic Growth|Social Investment|Sustainable|||||||86|||Rufunsa Town Council|Lusaka Province|Rufunsa|Rufunsa
and Wealth Creation|and Human Development|Socio-Economic|||||||86|||Rufunsa Town Council|Lusaka Province|Rufunsa|Rufunsa
||Development|||||||86|||Rufunsa Town Council|Lusaka Province|Rufunsa|Rufunsa
"MISSION
To strive to be the leading community driven district in the provision of sustainable
services and developmental Programs"|||||||||86|||Rufunsa Town Council|Lusaka Province|Rufunsa|Rufunsa
Policy Instrument|Description of the Effect of Policies on Rufunsa’s Development||||||||86|||Rufunsa Town Council|Lusaka Province|Rufunsa|Rufunsa
Vision 2030:|Aims to make Zambia a more developed middle-income society.||||||||86|||Rufunsa Town Council|Lusaka Province|Rufunsa|Rufunsa
Land Act (1995)|All land is vested on H.E. the President of Zambia, the continuation of||||||||86|||Rufunsa Town Council|Lusaka Province|Rufunsa|Rufunsa
|leasehold tenure to individuals or private entities is ensured. The Act||||||||86|||Rufunsa Town Council|Lusaka Province|Rufunsa|Rufunsa
|provides for the statutory recognition of customary tenure, with||||||||86|||Rufunsa Town Council|Lusaka Province|Rufunsa|Rufunsa
|possibility of being converted to private land. It also establishes the land||||||||86|||Rufunsa Town Council|Lusaka Province|Rufunsa|Rufunsa
|development fund and land tribunals.||||||||86|||Rufunsa Town Council|Lusaka Province|Rufunsa|Rufunsa
8th National|Provide a national framework for resources allocation every 5 years.||||||||86|||Rufunsa Town Council|Lusaka Province|Rufunsa|Rufunsa
Development Plans|||||||||86|||Rufunsa Town Council|Lusaka Province|Rufunsa|Rufunsa
(NDPs),|||||||||86|||Rufunsa Town Council|Lusaka Province|Rufunsa|Rufunsa
Decentralisation|Meant to take power close to the people for their own development||||||||86|||Rufunsa Town Council|Lusaka Province|Rufunsa|Rufunsa
Policy|benefit. Additional districts have been created since 2011 and provincial||||||||86|||Rufunsa Town Council|Lusaka Province|Rufunsa|Rufunsa
|administrations have been recently reinforced. Capacity is planned to be||||||||86|||Rufunsa Town Council|Lusaka Province|Rufunsa|Rufunsa
|developed at local government level matching devolved responsibilities,||||||||86|||Rufunsa Town Council|Lusaka Province|Rufunsa|Rufunsa
|which may include fiscal measures.||||||||86|||Rufunsa Town Council|Lusaka Province|Rufunsa|Rufunsa
National Housing|Currently being revised, also based on the urban housing profile recently||||||||86|||Rufunsa Town Council|Lusaka Province|Rufunsa|Rufunsa
Policy (1996)|prepared with the support of UN-Habitat. This important policy||||||||86|||Rufunsa Town Council|Lusaka Province|Rufunsa|Rufunsa
|instrument provides guidance on key issues such as housing delivery,||||||||86|||Rufunsa Town Council|Lusaka Province|Rufunsa|Rufunsa
|building materials, land and employment, among others.||||||||86|||Rufunsa Town Council|Lusaka Province|Rufunsa|Rufunsa
Urban and Regional|establish procedures for integrated urban and regional planning in a||||||||86|||Rufunsa Town Council|Lusaka Province|Rufunsa|Rufunsa
Planning Act (2015|devolved system of governance so as to ensure multi-sector cooperation,||||||||86|||Rufunsa Town Council|Lusaka Province|Rufunsa|Rufunsa
|coordination and involvement of different levels of ministries, provincial||||||||86|||Rufunsa Town Council|Lusaka Province|Rufunsa|Rufunsa
|administration, local authorities, traditional leaders and other||||||||86|||Rufunsa Town Council|Lusaka Province|Rufunsa|Rufunsa
|stakeholders in urban and regional planning||||||||86|||Rufunsa Town Council|Lusaka Province|Rufunsa|Rufunsa
National|NUP is meant to be a deliberated government-led process of coordinating||||||||86|||Rufunsa Town Council|Lusaka Province|Rufunsa|Rufunsa
Urbanisation Policy|and rallying various actors for establishing a shared vision for the desired||||||||86|||Rufunsa Town Council|Lusaka Province|Rufunsa|Rufunsa
(NUP)|urbanisation within 20-30 years horizon or more. The policy’s expected||||||||86|||Rufunsa Town Council|Lusaka Province|Rufunsa|Rufunsa
|results are identification of urban development priorities, guidance on the||||||||87|||Rufunsa Town Council|Lusaka Province|Rufunsa|Rufunsa
|future development priorities, better coordination and guidance of||||||||87|||Rufunsa Town Council|Lusaka Province|Rufunsa|Rufunsa
|actions and increased and more coordinated investment priorities.||||||||87|||Rufunsa Town Council|Lusaka Province|Rufunsa|Rufunsa
Zambia Wildlife|Makes provision for the management and conservation of wildlife in||||||||87|||Rufunsa Town Council|Lusaka Province|Rufunsa|Rufunsa
Act (2015)|Zambia. Further provides for trade in wild animals and meat of wild||||||||87|||Rufunsa Town Council|Lusaka Province|Rufunsa|Rufunsa
|animals. It also provides for the development and implementation of||||||||87|||Rufunsa Town Council|Lusaka Province|Rufunsa|Rufunsa
|management plans;||||||||87|||Rufunsa Town Council|Lusaka Province|Rufunsa|Rufunsa
National Parks and|undertakes to unlock the economic potential of the sector for the benefit||||||||87|||Rufunsa Town Council|Lusaka Province|Rufunsa|Rufunsa
Wildlife Policy|of present and future generations and to secure it from various threats.it||||||||87|||Rufunsa Town Council|Lusaka Province|Rufunsa|Rufunsa
(2018)|provides guidance on enhancing biodiversity conservation and||||||||87|||Rufunsa Town Council|Lusaka Province|Rufunsa|Rufunsa
|transforming wildlife into an economic asset that will contribute to||||||||87|||Rufunsa Town Council|Lusaka Province|Rufunsa|Rufunsa
|national economic development through promotion of nature based||||||||87|||Rufunsa Town Council|Lusaka Province|Rufunsa|Rufunsa
|tourism, creation of employment and increased local community||||||||87|||Rufunsa Town Council|Lusaka Province|Rufunsa|Rufunsa
|participation in wildlife management.||||||||87|||Rufunsa Town Council|Lusaka Province|Rufunsa|Rufunsa
S/N|IDP GOALS|STRATEGIC OBJECTIVES|||||||87|||Rufunsa Town Council|Lusaka Province|Rufunsa|Rufunsa
1|"To transform the Local
Economy of Rufunsa and
Create Jobs"|To enhance the Farmer support Programmes|||||||87|||Rufunsa Town Council|Lusaka Province|Rufunsa|Rufunsa
||To promote cooperative development|||||||87|||Rufunsa Town Council|Lusaka Province|Rufunsa|Rufunsa
||To develop and maintain road infrastructure|||||||87|||Rufunsa Town Council|Lusaka Province|Rufunsa|Rufunsa
||To establish public transport infrastructure|||||||87|||Rufunsa Town Council|Lusaka Province|Rufunsa|Rufunsa
||To Enhance Tourism Diversification|||||||87|||Rufunsa Town Council|Lusaka Province|Rufunsa|Rufunsa
||To promote Local Economic Development|||||||87|||Rufunsa Town Council|Lusaka Province|Rufunsa|Rufunsa
||To Enhance Revenue collection|||||||87|||Rufunsa Town Council|Lusaka Province|Rufunsa|Rufunsa
2.|"To enhance human and social
development"|To improve access to education for all leaners|||||||87|||Rufunsa Town Council|Lusaka Province|Rufunsa|Rufunsa
||"To improve health and wellbeing of residents in the
district"|||||||87|||Rufunsa Town Council|Lusaka Province|Rufunsa|Rufunsa
||To improve access to clean water and sanitation|||||||87|||Rufunsa Town Council|Lusaka Province|Rufunsa|Rufunsa
||To reduce poverty and inequality levels|||||||87|||Rufunsa Town Council|Lusaka Province|Rufunsa|Rufunsa
3.|"To Enhance Environmental
Sustainability"|To Increase adaptive Capacity to Climate Change|||||||87|||Rufunsa Town Council|Lusaka Province|Rufunsa|Rufunsa
||To efficiently manage solid waste in the district|||||||87|||Rufunsa Town Council|Lusaka Province|Rufunsa|Rufunsa
4.|"To enhance a good
Governance Environment"|To enhance citizen participation in Local Development|||||||87|||Rufunsa Town Council|Lusaka Province|Rufunsa|Rufunsa
||"To create and maintain a mutual working relationship
between the Local Authority and its publics"|||||||87|||Rufunsa Town Council|Lusaka Province|Rufunsa|Rufunsa
||To improve the registration of Land|||||||87|||Rufunsa Town Council|Lusaka Province|Rufunsa|Rufunsa
||To enhance delivery of Municipal Services|||||||87|||Rufunsa Town Council|Lusaka Province|Rufunsa|Rufunsa
Objective|Farmer Support Programme||||||||88|||Rufunsa Town Council|Lusaka Province|Rufunsa|Rufunsa
Strategy|to promote diversification within the agriculture sector by 2034||||||||88|||Rufunsa Town Council|Lusaka Province|Rufunsa|Rufunsa
Programme|Activities|Location (by|Target|Target|Target|Target|Target|Responsible|88|||Rufunsa Town Council|Lusaka Province|Rufunsa|Rufunsa
||priority)|Year 1|Year 2|Year 3|Year 4|Year 5|Agency/|88|||Rufunsa Town Council|Lusaka Province|Rufunsa|Rufunsa
||||||||Officer|88|||Rufunsa Town Council|Lusaka Province|Rufunsa|Rufunsa
Infrastructure|"Setting up of livestock and
fisheries service centers"|"Nyamphande,
Munyeta,
Chakwenga,
Chinzete,
Mwambashi"||1|1|1|1|DFLCO|88|||Rufunsa Town Council|Lusaka Province|Rufunsa|Rufunsa
Development|||||||||88|||Rufunsa Town Council|Lusaka Province|Rufunsa|Rufunsa
|||||||||88|||Rufunsa Town Council|Lusaka Province|Rufunsa|Rufunsa
|"Setting up of breeding
centers"|"Chinyunyu,
Mwachilele,
Namanongo"|||1|1||DFLCO|88|||Rufunsa Town Council|Lusaka Province|Rufunsa|Rufunsa
|"Setting up of fish
hatcheries"|"Lukwipa and
Kanyongoloka"||||1||DFLCO|88|||Rufunsa Town Council|Lusaka Province|Rufunsa|Rufunsa
|"Setup irrigation facilities
(dams, weirs, boreholes) in
BundaBunda"|"Mwachilele,
Chamulimba,
Munyeta
Shikabeta
Mankhanda
Chintimbwi"|1|1|1|1|1|"MLG, DWRD
and MOA"|88|||Rufunsa Town Council|Lusaka Province|Rufunsa|Rufunsa
|||||||||89|||Rufunsa Town Council|Lusaka Province|Rufunsa|Rufunsa
|Construction of Dip Tanks|"Rufunsa,
Mpanshya,
Sinjela,
Kabuyu,
Munyeta,
Namanongo,
Kanyongoloka"||2|2|2|2|MFL|89|||Rufunsa Town Council|Lusaka Province|Rufunsa|Rufunsa
Infrastructure|"Construction of office
block"|Rufunsa||1||||MFL/MOA|89|||Rufunsa Town Council|Lusaka Province|Rufunsa|Rufunsa
Development|||||||||89|||Rufunsa Town Council|Lusaka Province|Rufunsa|Rufunsa
|"Construction of Staff
Houses"|"Mpanshya,
Rufunsa,
Ndubulula,
Namanongo"|||1|1|1|MFL/MOA|89|||Rufunsa Town Council|Lusaka Province|Rufunsa|Rufunsa
|"Rehabilition of Staff
Houses"|"Nkalamabwe,
Chiyota,
Chinyunyu,
Mwachilele,
Lukwipa"||1|1|1|1|MFL/MOA|89|||Rufunsa Town Council|Lusaka Province|Rufunsa|Rufunsa
Extension services|Farmer trainings|"5 camps
(Mpanshya,
Rufunsa,
Chinyunyu,
Nangwena and
Sinjela"|1,800|2250|2800|3500|4,300|DFLCO|89|||Rufunsa Town Council|Lusaka Province|Rufunsa|Rufunsa
Crop|Farmer Registration|"Agricultural
Camps"|1800|1800|1800|1800|1800|DACO|89|||Rufunsa Town Council|Lusaka Province|Rufunsa|Rufunsa
Diversification|||||||||89|||Rufunsa Town Council|Lusaka Province|Rufunsa|Rufunsa
promotion|"Promotion of Crop
Diversification and yield
improvement"|"Agricultural
Camps"|26,000|26,000|26,000|26,000|26,000|DACO|89|||Rufunsa Town Council|Lusaka Province|Rufunsa|Rufunsa
|||||||||90|||Rufunsa Town Council|Lusaka Province|Rufunsa|Rufunsa
|"Promotion of farm
Management Skills"|"Agricultural
Camps"|2000|2000|2000|2000|2000|DACO|90|||Rufunsa Town Council|Lusaka Province|Rufunsa|Rufunsa
|Nutritional Education|"Agricultural
Camps"|510|510|510|510|510|DACO Partners|90|||Rufunsa Town Council|Lusaka Province|Rufunsa|Rufunsa
|"Extension Methodology -
Trainings"|"Agricultural
Camps"|19|20|21|22|23|DACO|90|||Rufunsa Town Council|Lusaka Province|Rufunsa|Rufunsa
|"Extension Methodology -
Farner field schools"|"Agricultural
Camps"|1,020|1,020|1,020|1,020|1,020|DACO|90|||Rufunsa Town Council|Lusaka Province|Rufunsa|Rufunsa
Sensitization on|"Agricultural News and
Literature Production/
Radio Farm Forum"|"Agricultural
Camps"|5|4|5|4|4|DACO Partners|90|||Rufunsa Town Council|Lusaka Province|Rufunsa|Rufunsa
access to|||||||||90|||Rufunsa Town Council|Lusaka Province|Rufunsa|Rufunsa
agricultural ,|||||||||90|||Rufunsa Town Council|Lusaka Province|Rufunsa|Rufunsa
information and|"Provincial and District
shows"|"Rufunsa
District"|2|2|2|2|2|MOA/Partners|90|||Rufunsa Town Council|Lusaka Province|Rufunsa|Rufunsa
Services NAIS|||||||||90|||Rufunsa Town Council|Lusaka Province|Rufunsa|Rufunsa
|"Agriculture Information
collection and
Dissemination of news"|"Agricultural
Camps"|5|4|5|4|4|DACO|90|||Rufunsa Town Council|Lusaka Province|Rufunsa|Rufunsa
Farmer Trainings|"Farmer training in
irrigation Practices."|"Shikabeta
Camp and
Mphashya
Camp"|500|500|750|750|750|DACO Partners|90|||Rufunsa Town Council|Lusaka Province|Rufunsa|Rufunsa
|"Entrepreneurship
Training."|12 agric Camps|1000|1200|1000|1000|-|DACO|90|||Rufunsa Town Council|Lusaka Province|Rufunsa|Rufunsa
|"Training of fish farmers in
ponds construction
,management and value
addition on fish"|District|800|1000|1200|1500|1500|"Fisheries
Department"|90|||Rufunsa Town Council|Lusaka Province|Rufunsa|Rufunsa
|"Training of farmers in
protection of water
catchment areas"|District|500|750|1000|1750|1750|"Fisheries
Department"|90|||Rufunsa Town Council|Lusaka Province|Rufunsa|Rufunsa
|"Farmer trainings in
livestock production"|District|750|750|1500|3000|4500|"Livestock
Department"|90|||Rufunsa Town Council|Lusaka Province|Rufunsa|Rufunsa
|||||||||91|||Rufunsa Town Council|Lusaka Province|Rufunsa|Rufunsa
|"training of farmers in
farmer managed natural
regeneration [FMNR]"|District|800|800|1000|1500|3000|MFL/MWDSE|91|||Rufunsa Town Council|Lusaka Province|Rufunsa|Rufunsa
|"Training farmers in
Marketing of livestock"|District|1000|1500|2500|3500|3500|"Livestock
Department"|91|||Rufunsa Town Council|Lusaka Province|Rufunsa|Rufunsa
Agriculture Land|"Creation of Rufunsa
Farming Block"|District|10,000|10,000|10,000|10,000|10,000|"DACO/MLG/M
OLNR"|91|||Rufunsa Town Council|Lusaka Province|Rufunsa|Rufunsa
Empowerment|||||||||91|||Rufunsa Town Council|Lusaka Province|Rufunsa|Rufunsa
Organic Farming|"Trainings, Demonstration
and Food Fares"|"Mwachilelele,
Nyangwena
and Sinjela"|1|1|1|1|1|"Kasis
Agriculture
Training Centre
(KATC)"|91|||Rufunsa Town Council|Lusaka Province|Rufunsa|Rufunsa
Promotion and|||||||||91|||Rufunsa Town Council|Lusaka Province|Rufunsa|Rufunsa
Natural Soil|||||||||91|||Rufunsa Town Council|Lusaka Province|Rufunsa|Rufunsa
Enhancement|||||||||91|||Rufunsa Town Council|Lusaka Province|Rufunsa|Rufunsa
Agriculture|"Trainings and
Sensitizations"|Rufunsa|12,142|12,142|12,142|12,142|12,142|DACO|91|||Rufunsa Town Council|Lusaka Province|Rufunsa|Rufunsa
Insurance Access|||||||||91|||Rufunsa Town Council|Lusaka Province|Rufunsa|Rufunsa
Promotion|||||||||91|||Rufunsa Town Council|Lusaka Province|Rufunsa|Rufunsa
Objective|Cooperative development and Promotion||||||||91|||Rufunsa Town Council|Lusaka Province|Rufunsa|Rufunsa
Strategy|to promote diversification and formation of cooperatives by 2034||||||||91|||Rufunsa Town Council|Lusaka Province|Rufunsa|Rufunsa
Programme|Activities|Location (by|Target|Target|Target|Target|Target|Responsible|91|||Rufunsa Town Council|Lusaka Province|Rufunsa|Rufunsa
||priority)|Year 1|Year 2|Year 3|Year 4|Year 5|Agency/|91|||Rufunsa Town Council|Lusaka Province|Rufunsa|Rufunsa
||||||||Officer|91|||Rufunsa Town Council|Lusaka Province|Rufunsa|Rufunsa
Cooperative|Conduct Market linkages|Rufunsa|205|205|205|205|205|MSMED|91|||Rufunsa Town Council|Lusaka Province|Rufunsa|Rufunsa
Enterprise|||||||||91|||Rufunsa Town Council|Lusaka Province|Rufunsa|Rufunsa
|"Cooperative inspection
and arbitration"|Rufunsa|205|205|205|205|205|MSMED|91|||Rufunsa Town Council|Lusaka Province|Rufunsa|Rufunsa
Development|||||||||91|||Rufunsa Town Council|Lusaka Province|Rufunsa|Rufunsa
|Cooperative Promotion|Rufunsa|205|205|205|205|205|MSMED|91|||Rufunsa Town Council|Lusaka Province|Rufunsa|Rufunsa
|Cooperative Registration|Rufunsa|205|205|205|205|205|MSMED|91|||Rufunsa Town Council|Lusaka Province|Rufunsa|Rufunsa
|"Trainings and
Sensitizations"|Rufunsa|205|205|205|205|205|MSMED|91|||Rufunsa Town Council|Lusaka Province|Rufunsa|Rufunsa
Objective|To promote and strength efficient and effective management of agricultural production and productivity in||||||||91|||Rufunsa Town Council|Lusaka Province|Rufunsa|Rufunsa
|order to ensure sustainable household and national food and nutrition security and increased incomes by||||||||91|||Rufunsa Town Council|Lusaka Province|Rufunsa|Rufunsa
|2034||||||||91|||Rufunsa Town Council|Lusaka Province|Rufunsa|Rufunsa
Strategy|Develop appropriate irrigation, land and water management systems||||||||92|||Rufunsa Town Council|Lusaka Province|Rufunsa|Rufunsa
Programme|Activities|Location (by|Target|Target|Target|Target|Target|Responsible|92|||Rufunsa Town Council|Lusaka Province|Rufunsa|Rufunsa
||priority)|Year 1|Year 2|Year 3|Year 4|Year 5|Agency/|92|||Rufunsa Town Council|Lusaka Province|Rufunsa|Rufunsa
||||||||Officer|92|||Rufunsa Town Council|Lusaka Province|Rufunsa|Rufunsa
"Agricultural Crop
Production,
Advisory Services
and Technical
Services"|Irrigation|Rufunsa|6|6|6|6|6|DACO|92|||Rufunsa Town Council|Lusaka Province|Rufunsa|Rufunsa
|Advisory services|Rufunsa|68|68|68|68|68|DACO|92|||Rufunsa Town Council|Lusaka Province|Rufunsa|Rufunsa
|Crop Production|Rufunsa|17|17|17|17|17|DACO|92|||Rufunsa Town Council|Lusaka Province|Rufunsa|Rufunsa
Objective|The Local Authority to establish a well-defined public transportation system by 2034||||||||92|||Rufunsa Town Council|Lusaka Province|Rufunsa|Rufunsa
Strategy|Construct public transportation facilities||||||||92|||Rufunsa Town Council|Lusaka Province|Rufunsa|Rufunsa
|||||||||92|||Rufunsa Town Council|Lusaka Province|Rufunsa|Rufunsa
||priority)|Year 1|Year 2|Year 3|Year 4|Year 5|Agency|92|||Rufunsa Town Council|Lusaka Province|Rufunsa|Rufunsa
|||||||||92|||Rufunsa Town Council|Lusaka Province|Rufunsa|Rufunsa
Infrastructure|"Construction of Bus
Stations"|Townships||||1|1|LA|92|||Rufunsa Town Council|Lusaka Province|Rufunsa|Rufunsa
Development|||||||||92|||Rufunsa Town Council|Lusaka Province|Rufunsa|Rufunsa
|Construction of Bus stops|District||1|1|1|1|LA|92|||Rufunsa Town Council|Lusaka Province|Rufunsa|Rufunsa
|"Securing Land for an
Airstrip"|"Rufunsa
Central"|||1|||LA|92|||Rufunsa Town Council|Lusaka Province|Rufunsa|Rufunsa
Road|"Periodic maintenance on
District feeder roads"|"Great East
Road"|100km|"100k
m"|200km|200km|200km|LA|92|||Rufunsa Town Council|Lusaka Province|Rufunsa|Rufunsa
Infrastructure|||||||||92|||Rufunsa Town Council|Lusaka Province|Rufunsa|Rufunsa
Maintenance,|Open up new roads|Townships|||20km|20km|20km|LA|92|||Rufunsa Town Council|Lusaka Province|Rufunsa|Rufunsa
Rehabilitation|Bridge Construction|"Rufunsa
District"|||2|2||LA|92|||Rufunsa Town Council|Lusaka Province|Rufunsa|Rufunsa
and Upgrading|||||||||92|||Rufunsa Town Council|Lusaka Province|Rufunsa|Rufunsa
|Bridge Rehabilitation|"Rufunsa
District"|||2|2|2|LA|92|||Rufunsa Town Council|Lusaka Province|Rufunsa|Rufunsa
|Installation of road signs|Townships|10|10|10|10|10|LA|92|||Rufunsa Town Council|Lusaka Province|Rufunsa|Rufunsa
|"Construction of rumble
strips"|Nyangwena|1|1|1|1||LA|92|||Rufunsa Town Council|Lusaka Province|Rufunsa|Rufunsa
|"Procurement of earth
moving equipment"|District||4|3|||LA|92|||Rufunsa Town Council|Lusaka Province|Rufunsa|Rufunsa
Objective|To have a diversified tourism sector by 2034||||||||92|||Rufunsa Town Council|Lusaka Province|Rufunsa|Rufunsa
Strategy|promote diversification of tourism||||||||93|||Rufunsa Town Council|Lusaka Province|Rufunsa|Rufunsa
Programme|Activities|Location (by|Target|Target|Target|Target|Target|Responsible|93|||Rufunsa Town Council|Lusaka Province|Rufunsa|Rufunsa
||priority)|Year 1|Year 2|Year 3|Year 4|Year 5|Agency|93|||Rufunsa Town Council|Lusaka Province|Rufunsa|Rufunsa
Sports, Arts and|"Construction of District
Cultural Centre"|District|||1|||"Culture
Department"|93|||Rufunsa Town Council|Lusaka Province|Rufunsa|Rufunsa
Culture Promotion|||||||||93|||Rufunsa Town Council|Lusaka Province|Rufunsa|Rufunsa
|"Promotion of cultural
diversity programmes"|District|2|2|2|2|2|"Culture
Department"|93|||Rufunsa Town Council|Lusaka Province|Rufunsa|Rufunsa
|"Conduct festivals and
exhibition of artifacts"|District|7|7|7|7|7|"Culture
Department"|93|||Rufunsa Town Council|Lusaka Province|Rufunsa|Rufunsa
|"Promote traditional
ceremonies"|District|3|3|3|3|3|"Culture
Department"|93|||Rufunsa Town Council|Lusaka Province|Rufunsa|Rufunsa
|"Advertise the local cultural
history in varied media
platforms"|National|3|3|3|3|3|"Culture
Department"|93|||Rufunsa Town Council|Lusaka Province|Rufunsa|Rufunsa
Objective|To promote peri-urban and rural economies by 2034||||||||93|||Rufunsa Town Council|Lusaka Province|Rufunsa|Rufunsa
Strategy|Promote local participation in the economy||||||||93|||Rufunsa Town Council|Lusaka Province|Rufunsa|Rufunsa
Infrastructure|"Construction of market
shelters"|District||1|1|1|1|LA|93|||Rufunsa Town Council|Lusaka Province|Rufunsa|Rufunsa
Development|||||||||93|||Rufunsa Town Council|Lusaka Province|Rufunsa|Rufunsa
|"Construction of shopping
Centers"|District|||1||1|PPP|93|||Rufunsa Town Council|Lusaka Province|Rufunsa|Rufunsa
|"Construction of Recreation
centers"|District|||1|1|1|PPP|93|||Rufunsa Town Council|Lusaka Province|Rufunsa|Rufunsa
|"Construction of filling
stations"|District||1|1|1|1|PPP|93|||Rufunsa Town Council|Lusaka Province|Rufunsa|Rufunsa
|"Construction of Banking
facilities"|District||||1||PPP|93|||Rufunsa Town Council|Lusaka Province|Rufunsa|Rufunsa
|"Rehabilitation of existing
market shelters"|District|1|1|1|1|1|LA|93|||Rufunsa Town Council|Lusaka Province|Rufunsa|Rufunsa
Objective|Revenue Enhancement by 2034||||||||93|||Rufunsa Town Council|Lusaka Province|Rufunsa|Rufunsa
Strategy|Identification and diversification of revenue sources||||||||93|||Rufunsa Town Council|Lusaka Province|Rufunsa|Rufunsa
Programme|Activities|Location (by|Target|Target|Target|Target|Target|Responsible|94|||Rufunsa Town Council|Lusaka Province|Rufunsa|Rufunsa
||priority)|Year 1|Year 2|Year 3|Year 4|Year 5|Agency|94|||Rufunsa Town Council|Lusaka Province|Rufunsa|Rufunsa
Revenue|"Preparation and
enforcement of the
valuation roll"|District|||1|1||LA|94|||Rufunsa Town Council|Lusaka Province|Rufunsa|Rufunsa
enhancement and|||||||||94|||Rufunsa Town Council|Lusaka Province|Rufunsa|Rufunsa
diversification|||||||||94|||Rufunsa Town Council|Lusaka Province|Rufunsa|Rufunsa
|"Construction of truck park
in Bay"|"Rufunsa
Township"|1||1|1||LA|94|||Rufunsa Town Council|Lusaka Province|Rufunsa|Rufunsa
|"Construction of an
Engineering Depot"|"Rufunsa
Township"|||1|1|1|LA|94|||Rufunsa Town Council|Lusaka Province|Rufunsa|Rufunsa
|"Setting up of Block
making plant"|"Rufunsa
Township"|||1|1||LA|94|||Rufunsa Town Council|Lusaka Province|Rufunsa|Rufunsa
|"Setting up of a metal
fabrication workshop"|"Rufunsa
Township"|||1|1||LA|94|||Rufunsa Town Council|Lusaka Province|Rufunsa|Rufunsa
|"Rehabilitation &
Construction of Lodges"|"Luangwa
Shikabeta"|1|1|1|||LA|94|||Rufunsa Town Council|Lusaka Province|Rufunsa|Rufunsa
|"Construction of an events
hall"|"Rufunsa
Township"|||1|||LA|94|||Rufunsa Town Council|Lusaka Province|Rufunsa|Rufunsa
|"Construction of Housing
Units"|"Rufunsa
Township"|||2|2|2|LA|94|||Rufunsa Town Council|Lusaka Province|Rufunsa|Rufunsa
Strategy|Construct public transportation facilities by 2034||||||||95|||Rufunsa Town Council|Lusaka Province|Rufunsa|Rufunsa
Programme|Activities|Implemen|Source|Cost per year|||||95|Total||Rufunsa Town Council|Lusaka Province|Rufunsa|Rufunsa
||ting||Year 1|Year 2|Year 3|Year 4|Year 5|95|||Rufunsa Town Council|Lusaka Province|Rufunsa|Rufunsa
|||of fund||||||95|||Rufunsa Town Council|Lusaka Province|Rufunsa|Rufunsa
||agency|||||||95|||Rufunsa Town Council|Lusaka Province|Rufunsa|Rufunsa
|||||||||95|||Rufunsa Town Council|Lusaka Province|Rufunsa|Rufunsa
"Infrastructu
re
Development"|"Construction
of Bus
Stations"|LA|"LGEF/L
R"|-|-|-|638,378|638,378|95|1,276,756.00||Rufunsa Town Council|Lusaka Province|Rufunsa|Rufunsa
|"Construction
of Bus stops"|LA|"LGEF/L
R"|-|57,100|57,100|57,100|57,100|95|228,400.00||Rufunsa Town Council|Lusaka Province|Rufunsa|Rufunsa
|"Securing
Land for an
Airstrip"|LA/NACL|LA|||5,000|-|-|95|5,000.00||Rufunsa Town Council|Lusaka Province|Rufunsa|Rufunsa
"Road
Infrastructu
re
Maintenance
,
Rehabilitatio
n and
Upgrading"|"Periodic
maintenance
on District
feeder roads"|LA|"MLGRD
/RDA"|"91,000,00
0"|150,000|300,000|131,303,627|"148,373,09
9"|95|"371,126,726.0
0"||Rufunsa Town Council|Lusaka Province|Rufunsa|Rufunsa
|"Open up new
roads"|LA|"MLGRD
/RDA"||-|6,384,500|7,214,485|8,152,368|95|21,751,353.05||Rufunsa Town Council|Lusaka Province|Rufunsa|Rufunsa
|"Bridge
Construction"|"MRGRD/L
A"|"MLGRD
/RDA"|||1,356,000|1,731,476|-|95|3,087,476.40||Rufunsa Town Council|Lusaka Province|Rufunsa|Rufunsa
|"Bridge
Rehabilitatio
n"|LA|"MLGRD
/RDA"|-|-|638,450|721,449|721,449|95|2,081,347.00||Rufunsa Town Council|Lusaka Province|Rufunsa|Rufunsa
|"Installation
of road signs"|LA/RDA|"LGEF/L
R"|50,000|56,500|63,845|72,145|-|95|242,489.85||Rufunsa Town Council|Lusaka Province|Rufunsa|Rufunsa
|"Construction
of rumble
strips"|LA/RDA|"LGEF/L
R"|30,000|33,900|38,307|43,287|-|95|145,493.91||Rufunsa Town Council|Lusaka Province|Rufunsa|Rufunsa
|"Construction
of rumble
strips"|LA/RDA|"LGEF/L
R"||8,000,000|6,000,000||-|95|14,000,000.00||Rufunsa Town Council|Lusaka Province|Rufunsa|Rufunsa
"PROGRAMMES SUB TOTAL
91,080,00 157,942,39 413,945,042.2
8,297,500 14,843,202 141,781,947
0 4 1"|||||||||95|||Rufunsa Town Council|Lusaka Province|Rufunsa|Rufunsa
Objective|To have a diversified tourism sector by 2034||||||||95|||Rufunsa Town Council|Lusaka Province|Rufunsa|Rufunsa
Strategy|promote diversification of tourism||||||||95|||Rufunsa Town Council|Lusaka Province|Rufunsa|Rufunsa
Programme|Activities|||Cost per year|||||95|Total||Rufunsa Town Council|Lusaka Province|Rufunsa|Rufunsa
||Implemen|Source|Year 1|Year 2|Year 3|Year 4|Year 5|96|||Rufunsa Town Council|Lusaka Province|Rufunsa|Rufunsa
||ting|||||||96|||Rufunsa Town Council|Lusaka Province|Rufunsa|Rufunsa
|||of fund||||||96|||Rufunsa Town Council|Lusaka Province|Rufunsa|Rufunsa
||agency|||||||96|||Rufunsa Town Council|Lusaka Province|Rufunsa|Rufunsa
|||||||||96|||Rufunsa Town Council|Lusaka Province|Rufunsa|Rufunsa
"Sports, Arts
and Culture
Promotion"|"Construction
of District
Cultural
Centre"|"Culture
Departmen
t"|"GRZ/
Partners"|0|0|1,099,000|0|0|96|1,099,000.00||Rufunsa Town Council|Lusaka Province|Rufunsa|Rufunsa
|"Promotion
of cultural
diversity
programmes"|"Culture
Departmen
t"|"GRZ/
Partners"|5,750|6,613|7,604|8,745|5,000|96|33,711.91||Rufunsa Town Council|Lusaka Province|Rufunsa|Rufunsa
|"Conduct
festivals and
exhibition of
artifacts"|"Culture
Departmen
t"|"GRZ/
Partners"|3,450|3,968|4,563|5,247|6,034|96|23,261.22||Rufunsa Town Council|Lusaka Province|Rufunsa|Rufunsa
|"Promote
traditional
ceremonies"|"Culture
Departmen
t"|"GRZ/
Partners"|2,588|2,976|3,422|3,935|4,526|96|17,445.91||Rufunsa Town Council|Lusaka Province|Rufunsa|Rufunsa
|"Arts and
Culture
Cooperative
development"|"Culture
Departmen
t"|"GRZ/
Partners"|11,500|13,225|15,209|17,490|20,114|96|77,537.38||Rufunsa Town Council|Lusaka Province|Rufunsa|Rufunsa
|"Advertise
the local
cultural
history in
varied media
platforms"|"Culture
Departmen
t"|"GRZ/
Partners"|2,588|2,976|3,422|3,935|4,526|96|17,445.91||Rufunsa Town Council|Lusaka Province|Rufunsa|Rufunsa
PROGRAMME TOTAL||||25,875|29,756|1,133,220|39,353|40,199|96|1,268,402.33||Rufunsa Town Council|Lusaka Province|Rufunsa|Rufunsa
Objective|To promote peri-urban and rural economies by 2034||||||||96|||Rufunsa Town Council|Lusaka Province|Rufunsa|Rufunsa
Strategy|Promote local participation in the economy||||||||96|||Rufunsa Town Council|Lusaka Province|Rufunsa|Rufunsa
Programme|Activities|||Cost per year|||||96|Total||Rufunsa Town Council|Lusaka Province|Rufunsa|Rufunsa
||Implemen|Source|Year 1|Year 2|Year 3|Year 4|Year 5|97|||Rufunsa Town Council|Lusaka Province|Rufunsa|Rufunsa
||ting|||||||97|||Rufunsa Town Council|Lusaka Province|Rufunsa|Rufunsa
|||of fund||||||97|||Rufunsa Town Council|Lusaka Province|Rufunsa|Rufunsa
||agency|||||||97|||Rufunsa Town Council|Lusaka Province|Rufunsa|Rufunsa
|||||||||97|||Rufunsa Town Council|Lusaka Province|Rufunsa|Rufunsa
"Infrastructure
Development"|"Construction
of market
shelters"|LA|"LGEF/L
R"|287,500|330,625|380,219|437,252|502,839|97|1,938,435||Rufunsa Town Council|Lusaka Province|Rufunsa|Rufunsa
|"Construction
of shopping
centers"|"LA/PART
NERS"|PPP|-|-|-|300,000|-|97|300,000||Rufunsa Town Council|Lusaka Province|Rufunsa|Rufunsa
|"Construction
of
Recreation
centres"|"LA/PART
NERS"|PPP|||11,500|13,225|15,209|97|39,934||Rufunsa Town Council|Lusaka Province|Rufunsa|Rufunsa
|"Construction
of filling
stations"|"LA/PART
NERS"|PPP||330,625||437,252|-|97|767,877||Rufunsa Town Council|Lusaka Province|Rufunsa|Rufunsa
|"Construction
of Banking
facilities"|"LA/PART
NERS"|PPP||||2,843,375|-|97|2,843,375||Rufunsa Town Council|Lusaka Province|Rufunsa|Rufunsa
|"Rehabilitatio
n of existing
market
shelters"|LA|"LGEF/L
R"|17,250|19,838|22,813|26,235|30,170|97|116,306||Rufunsa Town Council|Lusaka Province|Rufunsa|Rufunsa
"PROGRAMME TOTAL
304,750 681,088 414,532 4,057,338 548,218 6,005,926"|||||||||97|||Rufunsa Town Council|Lusaka Province|Rufunsa|Rufunsa
Objective|Revenue Enhancement by 2034||||||||97|||Rufunsa Town Council|Lusaka Province|Rufunsa|Rufunsa
Strategy|Identification and diversification of revenue sources||||||||97|||Rufunsa Town Council|Lusaka Province|Rufunsa|Rufunsa
Programme|Activities|Implemen|Source|Cost per year|||||97|Total||Rufunsa Town Council|Lusaka Province|Rufunsa|Rufunsa
||ting||Year 1|Year 2|Year 3|Year 4|Year 5|97|||Rufunsa Town Council|Lusaka Province|Rufunsa|Rufunsa
||agency|||||||97|||Rufunsa Town Council|Lusaka Province|Rufunsa|Rufunsa
|||||||||97|||Rufunsa Town Council|Lusaka Province|Rufunsa|Rufunsa
|"Construction
of truck park
in Bay"|LA|"LGEF/L
R/PART
NERS"|150,000|-|1,356,000|1,532,280|-|98|3,038,280.00||Rufunsa Town Council|Lusaka Province|Rufunsa|Rufunsa
|"Construction
of an
Engineering
Depot"|LA|"LGEF/L
R"|-|-|500,000|565,000|638,450|98|1,703,450.00||Rufunsa Town Council|Lusaka Province|Rufunsa|Rufunsa
|"Setting up of
Block
making plant"|LA|"LGEF/L
R"|-||1,219,000|3,072,906||98|4,291,905.82||Rufunsa Town Council|Lusaka Province|Rufunsa|Rufunsa
|"Setting up of
a metal
fabrication
workshop"|LA|"LGEF/L
R"|-|-|100,000|113,000|127,690|98|340,690.00||Rufunsa Town Council|Lusaka Province|Rufunsa|Rufunsa
|"Rehabilitatio
n &
Construction
of Lodges"|LA|"LGEF/L
R"|440,000|497,200|561,836|634,875|717,408|98|2,851,319.07||Rufunsa Town Council|Lusaka Province|Rufunsa|Rufunsa
|"Construction
of an events
hall"|LA|"LGEF/L
R"|-|-|-|1,000,000|1,130,000|98|2,130,000.00||Rufunsa Town Council|Lusaka Province|Rufunsa|Rufunsa
|"Construction
of 6 Housing
Units"|LA|"LGEF/L
R"|-|-|2,534,792|2,534,792|2,534,792|98|7,604,375.01||Rufunsa Town Council|Lusaka Province|Rufunsa|Rufunsa
PROGRAMME TOTAL||||590,000|497,200|6,554,128|9,772,077|5,148,340|98|22,561,744.90||Rufunsa Town Council|Lusaka Province|Rufunsa|Rufunsa
Objective|To Improved access to Education for all learners by 2034||||||||99|||Rufunsa Town Council|Lusaka Province|Rufunsa|Rufunsa
Strategy|Enhance access to quality, equitable and inclusive education||||||||99|||Rufunsa Town Council|Lusaka Province|Rufunsa|Rufunsa
Programme|Activities|Location|Target|Target|Target|Target|Target|Responsible Agency|99|||Rufunsa Town Council|Lusaka Province|Rufunsa|Rufunsa
||(by|Year 1|Year 2|Year 3|Year 4|Year 5||99|||Rufunsa Town Council|Lusaka Province|Rufunsa|Rufunsa
||priority)|||||||99|||Rufunsa Town Council|Lusaka Province|Rufunsa|Rufunsa
Infrastructure|"Construction of
Classroom blocks (1
x3)"|District|5|5|5|5|5|"LA/ MoGEL
Partners"|99|||Rufunsa Town Council|Lusaka Province|Rufunsa|Rufunsa
Development|||||||||99|||Rufunsa Town Council|Lusaka Province|Rufunsa|Rufunsa
|||||||||99|||Rufunsa Town Council|Lusaka Province|Rufunsa|Rufunsa
|"Rehabilitation of
School infrastructure"|District|1|1|1|1|1|"LA/ MoGEL
Partners"|99|||Rufunsa Town Council|Lusaka Province|Rufunsa|Rufunsa
|"Construction of School
VIPs"|District|10|10|10|10|10|"LA/ MoGEL
Partners"|99|||Rufunsa Town Council|Lusaka Province|Rufunsa|Rufunsa
|"Construction of staff
houses"|District|3|3|3|3|3|"LA/ MoGEL
Partners"|99|||Rufunsa Town Council|Lusaka Province|Rufunsa|Rufunsa
|"Construction of school
libraries"|District|0|0|0|0|1|"LA/ MoGEL
Partners"|99|||Rufunsa Town Council|Lusaka Province|Rufunsa|Rufunsa
|"Construction of
Science Laboratories"|District|2|1|1|1|1|"LA/ MoGEL
Partners"|99|||Rufunsa Town Council|Lusaka Province|Rufunsa|Rufunsa
|||||||||100|||Rufunsa Town Council|Lusaka Province|Rufunsa|Rufunsa
||"Purchase of school
desks"|District|2,000|3,000|375|375|375|100|"LA/ MoGEL
Partners"||Rufunsa Town Council|Lusaka Province|Rufunsa|Rufunsa
Upgrading|of|"Write MoGE to
upgrade community
schools"|District||||||100|"LA/ MoGEL
Partners"||Rufunsa Town Council|Lusaka Province|Rufunsa|Rufunsa
Community|||||||||100|||Rufunsa Town Council|Lusaka Province|Rufunsa|Rufunsa
Schools|||||||||100|||Rufunsa Town Council|Lusaka Province|Rufunsa|Rufunsa
Examination||"Engage MoGE to
designate schools in
the District with
Examination centers"|District|2|2|2|2|2|100|"LA/ MoGEL
Partners"||Rufunsa Town Council|Lusaka Province|Rufunsa|Rufunsa
Centers|||||||||100|||Rufunsa Town Council|Lusaka Province|Rufunsa|Rufunsa
Objective||To improve health and well being of residents of Rufunsa District by 2034|||||||100|||Rufunsa Town Council|Lusaka Province|Rufunsa|Rufunsa
Strategy||Public Health Strengthening|||||||100|||Rufunsa Town Council|Lusaka Province|Rufunsa|Rufunsa
Programme||Activities|Location|Target|Target|Target|Target|Target|100|Responsible Agency||Rufunsa Town Council|Lusaka Province|Rufunsa|Rufunsa
|||(by|Year 1|Year 2|Year 3|Year 4|Year 5|100|/ Officers||Rufunsa Town Council|Lusaka Province|Rufunsa|Rufunsa
|||priority)||||||100|||Rufunsa Town Council|Lusaka Province|Rufunsa|Rufunsa
Child Health||"Conduct Cooking
demonstration (Health
Facilities)"|District|34|36|38|40|42|100|"LA/DHO/LPHO/MA
& Partners"||Rufunsa Town Council|Lusaka Province|Rufunsa|Rufunsa
||Growth monitoring|District|34|36|38|40|42|100|"LA/DHO/LPHO/MA
& Partners"||Rufunsa Town Council|Lusaka Province|Rufunsa|Rufunsa
||Integrated outreaches|District|34|36|38|40|42|100|"LA/DHO/LPHO/MA
& Partners"||Rufunsa Town Council|Lusaka Province|Rufunsa|Rufunsa
||"Community
sensitisations"|District|34|36|38|40|42|100|"LA/DHO/LPHO/MA
& Partners"||Rufunsa Town Council|Lusaka Province|Rufunsa|Rufunsa
||Health Education|District|34|36|38|40|42|100|"LA/DHO/LPHO/MA
& Partners"||Rufunsa Town Council|Lusaka Province|Rufunsa|Rufunsa
||"Mentorship of Health
Care Providers in
IYCF"|District|34|36|38|40|42|100|"LA/DHO/LPHO/MA
& Partners"||Rufunsa Town Council|Lusaka Province|Rufunsa|Rufunsa
||"Expanded Program for
Immunisation"|District|34|36|38|40|42|100|"LA/DHO/LPHO/MA
& Partners"||Rufunsa Town Council|Lusaka Province|Rufunsa|Rufunsa
|||||||||101|||Rufunsa Town Council|Lusaka Province|Rufunsa|Rufunsa
|"Formation of District
Nutrition Coordinating
Committees"|District|1|1|1|1|1|"LA/DHO/LPHO/MA
& Partners"|101|||Rufunsa Town Council|Lusaka Province|Rufunsa|Rufunsa
|"Training of CBVs in
IYCF"|District|34|36|38|40|42|"LA/DHO/LPHO/MA
& Partners"|101|||Rufunsa Town Council|Lusaka Province|Rufunsa|Rufunsa
Promotion of|"Distribution of IEC
materials"|District|6000|7000|8000|9000|10000|"LA/DHO/LPHO/MA
& Partners"|101|||Rufunsa Town Council|Lusaka Province|Rufunsa|Rufunsa
health education|||||||||101|||Rufunsa Town Council|Lusaka Province|Rufunsa|Rufunsa
across all|"Community
sensitizations"|District|1400|1500|1600|1700|1800|"LA/DHO/LPHO/MA
& Partners"|101|||Rufunsa Town Council|Lusaka Province|Rufunsa|Rufunsa
communities in|||||||||101|||Rufunsa Town Council|Lusaka Province|Rufunsa|Rufunsa
the district|"Conduct quarterly
Focus Group meetings"|District|200|300|400|500|600|"LA/DHO/LPHO/MA
& Partners"|101|||Rufunsa Town Council|Lusaka Province|Rufunsa|Rufunsa
|"Quarterly meetings
with community gate
keepers"|District|160|170|180|190|200|"LA/DHO/LPHO/MA
& Partners"|101|||Rufunsa Town Council|Lusaka Province|Rufunsa|Rufunsa
|"Fire prevention
sensitization"|District|62|65|68|71|74|"LA/DHO/LPHO/MA
& Partners"|101|||Rufunsa Town Council|Lusaka Province|Rufunsa|Rufunsa
Equip existing|Mentorship of CBVs|District|450|470|490|510|555|"LA/DHO/LPHO/MA
& Partners"|101|||Rufunsa Town Council|Lusaka Province|Rufunsa|Rufunsa
structures in|||||||||101|||Rufunsa Town Council|Lusaka Province|Rufunsa|Rufunsa
communities with|"Distribution of
teaching aids and IEC
materials"|District|34|36|38|40|42|"LA/DHO/LPHO/MA
& Partners"|101|||Rufunsa Town Council|Lusaka Province|Rufunsa|Rufunsa
health promotion|||||||||101|||Rufunsa Town Council|Lusaka Province|Rufunsa|Rufunsa
skills|||||||||101|||Rufunsa Town Council|Lusaka Province|Rufunsa|Rufunsa
|"Revitalisation of
existing non-
functional
Neighborhood Health
Committees-NHCs"|District|34|36|38|40|42|"LA/DHO/LPHO/MA
& Partners"|101|||Rufunsa Town Council|Lusaka Province|Rufunsa|Rufunsa
|"Support quarterly
NHCs meetings"|District|590|625|650|700|750|"LA/DHO/LPHO/MA
& Partners"|101|||Rufunsa Town Council|Lusaka Province|Rufunsa|Rufunsa
|"Procure bicycles for
NHCs"|District|50|100|110|30|30|"LA/DHO/LPHO/MA
& Partners"|101|||Rufunsa Town Council|Lusaka Province|Rufunsa|Rufunsa
|||||||||102|||Rufunsa Town Council|Lusaka Province|Rufunsa|Rufunsa
|||||||||102|||Rufunsa Town Council|Lusaka Province|Rufunsa|Rufunsa
Strategy|Increase access to quality health care by 2034||||||||102|||Rufunsa Town Council|Lusaka Province|Rufunsa|Rufunsa
Programme|Activities|Location|Target|Target|Target|Target|Target|Responsible Agency|102|||Rufunsa Town Council|Lusaka Province|Rufunsa|Rufunsa
||(by|Year 1|Year 2|Year 3|Year 4|Year 5||102|||Rufunsa Town Council|Lusaka Province|Rufunsa|Rufunsa
||priority)|||||||102|||Rufunsa Town Council|Lusaka Province|Rufunsa|Rufunsa
Infrastructure|"Construction of Health
Posts"|District|2|2|2|2|2|"LA/DHO/LPHO/MA
& Partners"|102|||Rufunsa Town Council|Lusaka Province|Rufunsa|Rufunsa
Development|||||||||102|||Rufunsa Town Council|Lusaka Province|Rufunsa|Rufunsa
|"Upgrading of Health
Facilities"|District|5|2|2|2|2||102|||Rufunsa Town Council|Lusaka Province|Rufunsa|Rufunsa
|"Construction of
Maternity Wing"|District|2|2|2|2|2|"LA/DHO/LPHO/MA
& Partners"|102|||Rufunsa Town Council|Lusaka Province|Rufunsa|Rufunsa
|"Construction of the
District Hospital"|District|1|0|0|1|0||102|||Rufunsa Town Council|Lusaka Province|Rufunsa|Rufunsa
|"Construction of Staff
Houses"|District|2|2|2|2|2||102|||Rufunsa Town Council|Lusaka Province|Rufunsa|Rufunsa
|"Incinerator
Construction"|District|2|2|2|2|2||102|||Rufunsa Town Council|Lusaka Province|Rufunsa|Rufunsa
|"Purchase of
Ambulance"|Mpanshya|0|0|1|0|0||102|||Rufunsa Town Council|Lusaka Province|Rufunsa|Rufunsa
First Aid|"Training of Health care
workers/ drivers/CBVs
in First Aid Promotion"|District|50|20|20|20|20|"LA/DHO/LPHO/MA
& Partners"|102|||Rufunsa Town Council|Lusaka Province|Rufunsa|Rufunsa
Promotion|||||||||102|||Rufunsa Town Council|Lusaka Province|Rufunsa|Rufunsa
Objective|To provide improved access to clean water and sanitation by 2034||||||||102|||Rufunsa Town Council|Lusaka Province|Rufunsa|Rufunsa
Strategy|Improve access to clean and safe water sources||||||||102|||Rufunsa Town Council|Lusaka Province|Rufunsa|Rufunsa
Policy and|"Senstization on
management of water
points"|District|12|12|12|12|12|"DWRD /LA/
PARTNERS"|102|||Rufunsa Town Council|Lusaka Province|Rufunsa|Rufunsa
coordination|||||||||102|||Rufunsa Town Council|Lusaka Province|Rufunsa|Rufunsa
Water|||||||||103|||Rufunsa Town Council|Lusaka Province|Rufunsa|Rufunsa
infrastructure|||||||||103|||Rufunsa Town Council|Lusaka Province|Rufunsa|Rufunsa
development and|||||||||103|||Rufunsa Town Council|Lusaka Province|Rufunsa|Rufunsa
maintenance|||||||||103|||Rufunsa Town Council|Lusaka Province|Rufunsa|Rufunsa
|Drilling of Boreholes|District|15|15|15|15|15|"DWRD /LA/
PARTNERS"|103|||Rufunsa Town Council|Lusaka Province|Rufunsa|Rufunsa
|"Develop a water pipe
network system"|"Rufunsa
Township"|0|1|1|1|1|"DWRD /LA/
PARTNERS"|103|||Rufunsa Town Council|Lusaka Province|Rufunsa|Rufunsa
|"Construction of piped
water schemes at
public institutions (
schools, health centers,
markets and bus
stations)"|District|1|2|10|10|5|"DWRD /LA/
PARTNERS"|103|||Rufunsa Town Council|Lusaka Province|Rufunsa|Rufunsa
|"Rehabilitation of
boreholes"|District|12|12|12|12|12|"DWRD /LA/
PARTNERS"|103|||Rufunsa Town Council|Lusaka Province|Rufunsa|Rufunsa
|"Construction of water
kiosks and network
extension"|District|1|1|1|1|1|"DWRD /LA/
PARTNERS"|103|||Rufunsa Town Council|Lusaka Province|Rufunsa|Rufunsa
Maintenance of|"Procurement of tool
kits for Indian Mark II"|District|12|12|12|12|12|"DWRD /LA/
PARTNERS"|103|||Rufunsa Town Council|Lusaka Province|Rufunsa|Rufunsa
water points|||||||||103|||Rufunsa Town Council|Lusaka Province|Rufunsa|Rufunsa
|||||||||103|||Rufunsa Town Council|Lusaka Province|Rufunsa|Rufunsa
Water resources|"Conduct field
appraisals for
rehabilitation of
broken down
boreholes"|District|12|12|12|12|12|LA|103|||Rufunsa Town Council|Lusaka Province|Rufunsa|Rufunsa
assessment and|||||||||103|||Rufunsa Town Council|Lusaka Province|Rufunsa|Rufunsa
quantification|||||||||103|||Rufunsa Town Council|Lusaka Province|Rufunsa|Rufunsa
Water quality|"Procurement of mobile
water testing kits"|District|12|12|12|12|12|"DWRD /LA/
PARTNERS"|103|||Rufunsa Town Council|Lusaka Province|Rufunsa|Rufunsa
testing|||||||||103|||Rufunsa Town Council|Lusaka Province|Rufunsa|Rufunsa
|"Conduct water quality
monitoring for existing
water points in the
District"|District|12|12|12|12|12|DWRD /LA|103|||Rufunsa Town Council|Lusaka Province|Rufunsa|Rufunsa
Training &|||||||||104|||Rufunsa Town Council|Lusaka Province|Rufunsa|Rufunsa
Capacity Building|||||||||104|||Rufunsa Town Council|Lusaka Province|Rufunsa|Rufunsa
|||||||||104|||Rufunsa Town Council|Lusaka Province|Rufunsa|Rufunsa
Strategy|Increase access to improved sanitation services by 2034||||||||104|||Rufunsa Town Council|Lusaka Province|Rufunsa|Rufunsa
|||||||||104|||Rufunsa Town Council|Lusaka Province|Rufunsa|Rufunsa
Programme|Activities|Location|Target|Target|Target|Target|Target|Responsible Agency|104|||Rufunsa Town Council|Lusaka Province|Rufunsa|Rufunsa
||(by|Year 1|Year 2|Year 3|Year 4|Year 5||104|||Rufunsa Town Council|Lusaka Province|Rufunsa|Rufunsa
||priority)|||||||104|||Rufunsa Town Council|Lusaka Province|Rufunsa|Rufunsa
Sanitation|"Construction of
waterborne sanitation
facilities"|"Markets,
Health
Centers
Schools"|2|2|2|2|2|LA / DHO/ Partners|104|||Rufunsa Town Council|Lusaka Province|Rufunsa|Rufunsa
infrastructure|||||||||104|||Rufunsa Town Council|Lusaka Province|Rufunsa|Rufunsa
development|||||||||104|||Rufunsa Town Council|Lusaka Province|Rufunsa|Rufunsa
|"Upgrading of pit
latrines to water borne
sanitation at public
institutions"|"Markets,
Health
Centers
Schools"||||||LA / DHO/ Partners|104|||Rufunsa Town Council|Lusaka Province|Rufunsa|Rufunsa
Sanitation and|"CLTS Community
meetings"||4|4|4|4|4|LA / DHO/ Partners|104|||Rufunsa Town Council|Lusaka Province|Rufunsa|Rufunsa
Personal Hygiene|||||||||104|||Rufunsa Town Council|Lusaka Province|Rufunsa|Rufunsa
Promotion|"conduct quarterly
backstopping visits to
sensitized triggered
villages"||4|4|4|4|4|LA / DHO/ Partners|104|||Rufunsa Town Council|Lusaka Province|Rufunsa|Rufunsa
Objective|To reduce poverty and inequality levels by 2034||||||||104|||Rufunsa Town Council|Lusaka Province|Rufunsa|Rufunsa
Strategy|Enhance social Protection of poor and vulnerable people||||||||104|||Rufunsa Town Council|Lusaka Province|Rufunsa|Rufunsa
Social Cash|"Awareness raising
(Wards)"|District|12|12|12|12|12|Social Welfare|104|||Rufunsa Town Council|Lusaka Province|Rufunsa|Rufunsa
Transfer|||||||||104|||Rufunsa Town Council|Lusaka Province|Rufunsa|Rufunsa
|Disability Certification|District|500|600|700|800|900|Social Welfare|104|||Rufunsa Town Council|Lusaka Province|Rufunsa|Rufunsa
|"listing of potential
beneficiaries"|District|1500|2000|2500|3000|3500|Social Welfare|104|||Rufunsa Town Council|Lusaka Province|Rufunsa|Rufunsa
|||||||||105|||Rufunsa Town Council|Lusaka Province|Rufunsa|Rufunsa
|enumeration|District|1500|2000|2500|3000|3500|Social Welfare|105|||Rufunsa Town Council|Lusaka Province|Rufunsa|Rufunsa
|"Second community
validation"|District|1500|2000|2500|3000|3500|Social Welfare|105|||Rufunsa Town Council|Lusaka Province|Rufunsa|Rufunsa
|"payments of cash
transfers to
beneficiaries"|District|5391|7391|9891|12891|16391|Social Welfare|105|||Rufunsa Town Council|Lusaka Province|Rufunsa|Rufunsa
|"Other Administrative
Coasts"||||||||105|||Rufunsa Town Council|Lusaka Province|Rufunsa|Rufunsa
|"Collection Of GRM
Complaint Forms
(CWAC areas)"|District|69|69|72|80|80|Social Welfare|105|||Rufunsa Town Council|Lusaka Province|Rufunsa|Rufunsa
Public Welfare|"identification and
selection of vulnerable
individuals using
PWAS identification
process (Wards)"|District|12|12|12|12|12|Social Welfare|105|||Rufunsa Town Council|Lusaka Province|Rufunsa|Rufunsa
Assistance|||||||||105|||Rufunsa Town Council|Lusaka Province|Rufunsa|Rufunsa
Scheme|||||||||105|||Rufunsa Town Council|Lusaka Province|Rufunsa|Rufunsa
|Health care support|District|50|100|200|250|300|Social Welfare|105|||Rufunsa Town Council|Lusaka Province|Rufunsa|Rufunsa
|"Repatriation of
stranded persons"|District|10|15|20|25|30|Social Welfare|105|||Rufunsa Town Council|Lusaka Province|Rufunsa|Rufunsa
|"Primary and secondary
education support"|District|100|200|300|400|500|Social Welfare|105|||Rufunsa Town Council|Lusaka Province|Rufunsa|Rufunsa
|"community vulnerable
support"|District|200|300|400|500|600|Social Welfare|105|||Rufunsa Town Council|Lusaka Province|Rufunsa|Rufunsa
Women and youth|"Training of Grievance
redress mechanism
Focal Persons"|District|13|13|0|0|0|"Community
Development"|105|||Rufunsa Town Council|Lusaka Province|Rufunsa|Rufunsa
empowerment|||||||||105|||Rufunsa Town Council|Lusaka Province|Rufunsa|Rufunsa
|"Grievance redress
mechanism
sensitization"|District|13|13|13|13|13|"Community
Development"|105|||Rufunsa Town Council|Lusaka Province|Rufunsa|Rufunsa
|||||||||106|||Rufunsa Town Council|Lusaka Province|Rufunsa|Rufunsa
|"Savings group
formation and
Sensitizations"|District|12|12|12|12|12|"Community
Development"|106|||Rufunsa Town Council|Lusaka Province|Rufunsa|Rufunsa
|"Trainers of Trainers
training workshop in
Revised life, sexual
Reproductive Health
and Business Skills"|District|9|0|0|0|0|"Community
Development"|106|||Rufunsa Town Council|Lusaka Province|Rufunsa|Rufunsa
|"Community based
volunteers training in
revised life, sexual
Reproductive Health
and Business Skills."|District|13|13|13|13|13|"Community
Development"|106|||Rufunsa Town Council|Lusaka Province|Rufunsa|Rufunsa
|"Beneficiary training in
revised life, sexual
Reproductive Health
and Business Skills."|District|281|0|0|0|0|"Community
Development"|106|||Rufunsa Town Council|Lusaka Province|Rufunsa|Rufunsa
|"Conduct training
feedback monitoring"|District|13|13|13|13|13|"Community
Development"|106|||Rufunsa Town Council|Lusaka Province|Rufunsa|Rufunsa
|"Conduct mentorship to
SWL beneficiaries"|District|12|12|12|12|12|"Community
Development"|106|||Rufunsa Town Council|Lusaka Province|Rufunsa|Rufunsa
|"Payment of Grants for
SWL beneficiaries"|District|281|281|0|0|0|"Community
Development"|106|||Rufunsa Town Council|Lusaka Province|Rufunsa|Rufunsa
|"Training of women in
entrepreneurship skills
and provision of grants
for women Clubs"|District|20|25|30|35|40|"Community
Development"|106|||Rufunsa Town Council|Lusaka Province|Rufunsa|Rufunsa
Community Self-|"Community
sensitization on"|District|4|4|4|4|4|"Community
Development"|106|||Rufunsa Town Council|Lusaka Province|Rufunsa|Rufunsa
help programs|||||||||106|||Rufunsa Town Council|Lusaka Province|Rufunsa|Rufunsa
|||||||||107|||Rufunsa Town Council|Lusaka Province|Rufunsa|Rufunsa
Non formal|"Refresher course for
adult literacy
instructors"|District|20|20|20|25|25|"Community
Development"|107|||Rufunsa Town Council|Lusaka Province|Rufunsa|Rufunsa
education|||||||||107|||Rufunsa Town Council|Lusaka Province|Rufunsa|Rufunsa
|"Revamping and
formation of literacy
classes"|District|20|20|20|25|25|"Community
Development"|107|||Rufunsa Town Council|Lusaka Province|Rufunsa|Rufunsa
|"Procure Teaching
material"|District|4|4|4|4|4|"Community
Development"|107|||Rufunsa Town Council|Lusaka Province|Rufunsa|Rufunsa
Food Security|"Provision of food
security Pack"|District|1300|1500|1700|1900|2000|"Community
Development"|107|||Rufunsa Town Council|Lusaka Province|Rufunsa|Rufunsa
Pack|||||||||107|||Rufunsa Town Council|Lusaka Province|Rufunsa|Rufunsa
|"Sensitization and
orientations of
stakeholders and
communities on FSP
guidelines"|District|11|11|11|11|11|"Community
Development"|107|||Rufunsa Town Council|Lusaka Province|Rufunsa|Rufunsa
|"community selection
and allocation of
caseloads"|District|11|11|11|11|11|"Community
Development"|107|||Rufunsa Town Council|Lusaka Province|Rufunsa|Rufunsa
|"targeting beneficiary
households for
support, Listing,
Community
validation, Self-
registration and
Lottery"|District|1300|1500|1700|1900|2000|"Community
Development"|107|||Rufunsa Town Council|Lusaka Province|Rufunsa|Rufunsa
|"Training of Vulnerable
but Viable farmers into
farming methods"|District|1300|1500|1700|1900|2000|"Community
Development"|107|||Rufunsa Town Council|Lusaka Province|Rufunsa|Rufunsa
|Distribution of Inputs|District|1300|1500|1700|1900|2000|"Community
Development"|107|||Rufunsa Town Council|Lusaka Province|Rufunsa|Rufunsa
|||||||||108|||Rufunsa Town Council|Lusaka Province|Rufunsa|Rufunsa
|"Conduct Harvest
projection"|District|1300|1500|1700|1900|2000|"Community
Development"|108|||Rufunsa Town Council|Lusaka Province|Rufunsa|Rufunsa
|"Collection of
Recoveries"|District|1300|1500|1700|1900|2000|"Community
Development"|108|||Rufunsa Town Council|Lusaka Province|Rufunsa|Rufunsa
Constituency|Empowerment Grants|District|200|200|200|200|200|LA|108|||Rufunsa Town Council|Lusaka Province|Rufunsa|Rufunsa
Development|Empowerment Loans|District|30|30|30|30|30|LA|108|||Rufunsa Town Council|Lusaka Province|Rufunsa|Rufunsa
Fund|"Secondary School
Boarding bursaries and
Skills Development"|District|800|800|800|800|800|LA|108|||Rufunsa Town Council|Lusaka Province|Rufunsa|Rufunsa
Strategy|Increase access to electricity in rural areas||||||||108|||Rufunsa Town Council|Lusaka Province|Rufunsa|Rufunsa
Programme|Activities|Location|Target|Target|Target|Target|Target|Responsible Agency|108|||Rufunsa Town Council|Lusaka Province|Rufunsa|Rufunsa
||(by|Year 1|Year 2|Year 3|Year 4|Year 5||108|||Rufunsa Town Council|Lusaka Province|Rufunsa|Rufunsa
||priority)|||||||108|||Rufunsa Town Council|Lusaka Province|Rufunsa|Rufunsa
Rural|electrification of|District||1|1|1|1|LA/REA/ZESCO|108|||Rufunsa Town Council|Lusaka Province|Rufunsa|Rufunsa
Electrification|unserved communities||||||||108|||Rufunsa Town Council|Lusaka Province|Rufunsa|Rufunsa
|and public institutions||||||||108|||Rufunsa Town Council|Lusaka Province|Rufunsa|Rufunsa
Objective|To Improved access to Education for all learners by 2034||||||||108|||Rufunsa Town Council|Lusaka Province|Rufunsa|Rufunsa
Strategy|Enhance access to quality, equitable and inclusive eductaion||||||||108|||Rufunsa Town Council|Lusaka Province|Rufunsa|Rufunsa
||Implementing|Source of|cost per year|||||108|Total||Rufunsa Town Council|Lusaka Province|Rufunsa|Rufunsa
Programme|Activities|Agency|Funds|Year 1|Year 2|Year 3|Year 4|Year 5|108|||Rufunsa Town Council|Lusaka Province|Rufunsa|Rufunsa
|||||||||108|||Rufunsa Town Council|Lusaka Province|Rufunsa|Rufunsa
"Infrastructure
Development"|"Construction of
Classroom
blocks (1 x3)"|"LA, Cooperating
Partners"|"GRZ,
Cooperating
Partners"|6,325,000|7,273,750|8,364,813|9,619,534|11,062,465|108|42,645,561||Rufunsa Town Council|Lusaka Province|Rufunsa|Rufunsa
|"Rehabilitation
of School
infrastructure"|"LA, Cooperating
Partners"|"GRZ,
Cooperating
Partners"|454,250.00|522,387.50|600,745.63|690,857.47|794,486.09|108|3,062,727||Rufunsa Town Council|Lusaka Province|Rufunsa|Rufunsa
|"Construction of
staff houses"|"LA, Cooperating
Partners"|"GRZ,
Cooperating
Partners"|2,645,000|3,041,750|3,498,013|4,022,714|4,626,122|109|17,833,598||Rufunsa Town Council|Lusaka Province|Rufunsa|Rufunsa
|"Construction of
school libraries"|"LA, Cooperating
Partners"|"GRZ,
Cooperating
Partners"|||||2,011,357.19|109|2,011,357||Rufunsa Town Council|Lusaka Province|Rufunsa|Rufunsa
|"Construction of
Science
Laboratories"|"LA, Cooperating
Partners"|"GRZ,
Cooperating
Partners"|2,100,000|1,058,000|1,216,700|1,399,205|1,609,086|109|7,382,991||Rufunsa Town Council|Lusaka Province|Rufunsa|Rufunsa
|"Construction of
Computer
Laboratories"|"LA, Cooperating
Partners"|"GRZ,
Cooperating
Partners"|920,000|1,058,000|1,216,700|1,399,205|1,609,086|109|6,202,991||Rufunsa Town Council|Lusaka Province|Rufunsa|Rufunsa
|"Purchase of
School Desks"|||3,000,000|4,500,000|562,500|562,500|562,500|109|9,187,500||Rufunsa Town Council|Lusaka Province|Rufunsa|Rufunsa
Programme Total||||15,973,250|18,062,238|16,159,073|18,498,559|23,200,325|109|91,893,445||Rufunsa Town Council|Lusaka Province|Rufunsa|Rufunsa
Objective|To improve health and well being of residents of Rufunsa District by 2034||||||||109|||Rufunsa Town Council|Lusaka Province|Rufunsa|Rufunsa
Strategy|Public Health Strengthening||||||||109|||Rufunsa Town Council|Lusaka Province|Rufunsa|Rufunsa
||Implementing|Source of|cost per year|||||109|Total||Rufunsa Town Council|Lusaka Province|Rufunsa|Rufunsa
Programme|Activities|Agency|Funds|Year 1|Year 2|Year 3|Year 4|Year 5|109|||Rufunsa Town Council|Lusaka Province|Rufunsa|Rufunsa
|||||||||109|||Rufunsa Town Council|Lusaka Province|Rufunsa|Rufunsa
Child Health|"Conduct
Cooking
demonstration
(Health
Facilities)"|Health Facility|GRZ/Donor|391,000|425,735|451,307|488,805|515,973|109|2,272,819||Rufunsa Town Council|Lusaka Province|Rufunsa|Rufunsa
|"Growth
monitoring"|Health Facility|GRZ/Donor|195,500|212,867|225,653|244,402|257,986|109|1,136,409||Rufunsa Town Council|Lusaka Province|Rufunsa|Rufunsa
|"Integrated
outreaches"|Health Facility|GRZ/Donor|230,000|250,432|265,475|287,532|303,513|109|1,336,952||Rufunsa Town Council|Lusaka Province|Rufunsa|Rufunsa
|"Community
sensitisations"|Health Facility|GRZ/Donor|57,500|62,608|66,369|71,883|75,878|109|334,238||Rufunsa Town Council|Lusaka Province|Rufunsa|Rufunsa
|"Mentorship of
Health Care
Providers in
IYCF"|District|GRZ/Donor|46,000|50,086|53,095|57,506|60,703|110|267,390||Rufunsa Town Council|Lusaka Province|Rufunsa|Rufunsa
|"Expanded
Program for
Immunisation"|Health Facility|GRZ/Donor|57,500|62,608|66,369|71,883|75,878|110|334,238||Rufunsa Town Council|Lusaka Province|Rufunsa|Rufunsa
|"Train 30 Health
Care Providers
in RED/C
strategy"|District|GRZ/Donor|138,000|150,259|159,285|172,519|182,108|110|802,171||Rufunsa Town Council|Lusaka Province|Rufunsa|Rufunsa
|"Formation of
District
Nutrition
Coordinating
Committees"|District|GRZ/Donor|9,200|10,017|10,619|11,501|12,141|110|53,478||Rufunsa Town Council|Lusaka Province|Rufunsa|Rufunsa
|"Training of
CBVs in IYCF"|District|GRZ/Donor|172,500|187,824|199,106|215,649|227,635|110|1,002,714||Rufunsa Town Council|Lusaka Province|Rufunsa|Rufunsa
"Promotion of
health
education
across all
communities in
the district"|"Distribution of
IEC materials"|District/Facility|GRZ/Donor|11,500|12,522|13,274|14,377|15,176|110|66,848||Rufunsa Town Council|Lusaka Province|Rufunsa|Rufunsa
|"Community
sensitizations"|District/Facility|GRZ/Donor|5,750|6,261|6,637|7,188|7,588|110|33,424||Rufunsa Town Council|Lusaka Province|Rufunsa|Rufunsa
|"Conduct
quarterly Focus
Group meetings"|District/Facility|GRZ/Donor|23,000|25,043|26,547|28,753|30,351|110|133,695||Rufunsa Town Council|Lusaka Province|Rufunsa|Rufunsa
|"Quarterly
meetings with
community gate
keepers"|District/Facility|GRZ/Donor|40,250|43,826|46,458|50,318|53,115|110|233,967||Rufunsa Town Council|Lusaka Province|Rufunsa|Rufunsa
|"Fire prevention
sensitization"|District/Facility|GRZ/Donor|7,475|8,139|8,628|9,345|9,864|110|43,451||Rufunsa Town Council|Lusaka Province|Rufunsa|Rufunsa
|"Distribution of
teaching aids
and IEC
materials"|District|GRZ/Donor|11,500|12,522|13,274|14,377|15,176|111|66,848||Rufunsa Town Council|Lusaka Province|Rufunsa|Rufunsa
|"Revitalisation
of existing non-
functional
Neighborhood
Health
Committees-
NHCs"|District|GRZ/Donor|5,750|6,261|6,637|7,188|7,588|111|33,424||Rufunsa Town Council|Lusaka Province|Rufunsa|Rufunsa
|"Support
quarterly NHCs
meetings"|District|GRZ/Donor|9,200|10,017|10,619|11,501|12,141|111|53,478||Rufunsa Town Council|Lusaka Province|Rufunsa|Rufunsa
|"Procure
bicycles for
NHCs"|District|GRZ/Donor|-|-|-|-|-|111|-||Rufunsa Town Council|Lusaka Province|Rufunsa|Rufunsa
|"Monitoring of
NHCs functions"|Facility|GRZ/Donor|40,250|43,826|46,458|50,318|53,115|111|233,967||Rufunsa Town Council|Lusaka Province|Rufunsa|Rufunsa
Programme Total||||1,497,875|1,630,940|1,728,904|1,872,553|1,976,630|111|8,706,902.13||Rufunsa Town Council|Lusaka Province|Rufunsa|Rufunsa
Strategy|Increase access to quality health care||||||||111|||Rufunsa Town Council|Lusaka Province|Rufunsa|Rufunsa
||Implementing|Source of|cost per year|||||111|Total||Rufunsa Town Council|Lusaka Province|Rufunsa|Rufunsa
Programme|Activities|Agency|Funds|Year 1|Year 2|Year 3|Year 4|Year 5|111|||Rufunsa Town Council|Lusaka Province|Rufunsa|Rufunsa
|||||||||111|||Rufunsa Town Council|Lusaka Province|Rufunsa|Rufunsa
"Infrastructure
Development"|"Construction of
Health Posts"|"LA, Cooperating
Partners"|"GRZ,
Cooperating
Partners"|1,725,000|1,878,242|1,991,060|2,156,491|2,276,350|111|10,027,143||Rufunsa Town Council|Lusaka Province|Rufunsa|Rufunsa
|"Upgrading of
Health
Facilities"|MOH|GRZ|-|-|-|-|-|111|-||Rufunsa Town Council|Lusaka Province|Rufunsa|Rufunsa
|"Construction of
the District
Hospital"|MOH|"GRZ,
Cooperating
Partners"|||19,910,599|-|-|112|19,910,599||Rufunsa Town Council|Lusaka Province|Rufunsa|Rufunsa
|"Construction of
staff houses"|"LA, Cooperating
Partners"|"GRZ,
Cooperating
Partners"|3,450,000|1,252,161|2,000,000|1,437,661|3,035,133|112|11,174,955||Rufunsa Town Council|Lusaka Province|Rufunsa|Rufunsa
|"Incinerator
Construction"|"MOH, LA,
Cooperating
Partners"|"GRZ,
Cooperating
Partners"|115,000|125,216|132,737|143,766|151,757|112|668,476||Rufunsa Town Council|Lusaka Province|Rufunsa|Rufunsa
|"Purchase of
Ambulance"|||Mpanshya||1,000,000|||112|||Rufunsa Town Council|Lusaka Province|Rufunsa|Rufunsa
"First Aid
Promotion"|"Training of
Health care
workers/
drivers/CBVs in
First Aid
Promotion"|District|GRZ/Donor|172,500|187,824|199,106|215,649|227,635|112|1,002,714||Rufunsa Town Council|Lusaka Province|Rufunsa|Rufunsa
|||||||||112|||Rufunsa Town Council|Lusaka Province|Rufunsa|Rufunsa
Programme Total||||8,107,500|4,695,604|26,560,876|5,391,229|7,208,441|112|50,963,649||Rufunsa Town Council|Lusaka Province|Rufunsa|Rufunsa
Objective|To provide improved access to clean water and sanitation by 2034||||||||112|||Rufunsa Town Council|Lusaka Province|Rufunsa|Rufunsa
Strategy|Improve access to clean and safe water sources||||||||112|||Rufunsa Town Council|Lusaka Province|Rufunsa|Rufunsa
||Implementing|Source of|cost per year|||||112|Total||Rufunsa Town Council|Lusaka Province|Rufunsa|Rufunsa
Programme|Activities|Agency|Funds|Year 1|Year 2|Year 3|Year 4|Year 5|112|||Rufunsa Town Council|Lusaka Province|Rufunsa|Rufunsa
|||||||||112|||Rufunsa Town Council|Lusaka Province|Rufunsa|Rufunsa
"Policy and
coordination"|"Senstization on
management of
water points"|LA / DWRD|"GRZ
PARTNERS"|39,675.00|43,199.55|45,794.38|49,599.30|52,356.04|112|230,624.28||Rufunsa Town Council|Lusaka Province|Rufunsa|Rufunsa
|"Drilling of
Boreholes"|LA / DWRD|"GRZ
PARTNERS"|1,169,984.70|1,273,921.05|1,350,440.39|1,462,644.62|1,543,938.73|113|6,800,929.50||Rufunsa Town Council|Lusaka Province|Rufunsa|Rufunsa
|"Develop a water
pipe network
system in
Rufunsa
Township"|LA / DWRD|"GRZ
PARTNERS"|-|294,257.84|311,932.73|337,850.32|356,628.12|113|1,300,669.00||Rufunsa Town Council|Lusaka Province|Rufunsa|Rufunsa
|"Construction of
piped water
schemes at
public
institutions (
schools, health
centers, markets
and bus
stations)"|LA / DWRD|"GRZ
PARTNERS"|250,000.00|700,000.00|1,000,000.00|1,500,000.00|2,000,000.00|113|5,450,000.00||Rufunsa Town Council|Lusaka Province|Rufunsa|Rufunsa
|"Rehabilitation
of Boreholes"|LA / DWRD|"GRZ
PARTNERS"|300,000.00|329,700.00|362,340.30|398,211.99|437,634.98|113|1,827,887.27||Rufunsa Town Council|Lusaka Province|Rufunsa|Rufunsa
|"Construction of
water kiosks
and netwrok
extension"|LA / DWRD||300,000|329700|362340.3|398211.9897|437634.9767|113|1,827,887.27||Rufunsa Town Council|Lusaka Province|Rufunsa|Rufunsa
"Maintenance of
water points"|"Procurement of
tool kits for
Indian Mark II"|LA / PARTNERS|"GRZ
PARTNERS"|83,605.00|91,032.10|96,500.04|104,517.95|110,327.08|113|485,982.18||Rufunsa Town Council|Lusaka Province|Rufunsa|Rufunsa
"Water resources
assessment and
quantification"|"Conduct field
appraisals for
rehabilitation of
broken down
boreholes"|LA / PARTNERS|"GRZ
PARTNERS"|17,077.50|18,594.59|19,711.49|21,349.27|22,535.86|113|99,268.71||Rufunsa Town Council|Lusaka Province|Rufunsa|Rufunsa
|"Conduct water
quality
monitoring for
existing water
points in the
District"|"LA / DWRD /
DHO"|"GRZ
PARTNERS"|40,089.00|43,650.33|46,272.23|50,116.86|52,902.37|114|233,030.79||Rufunsa Town Council|Lusaka Province|Rufunsa|Rufunsa
"Training &
Capacity
Building"|"Train and re-
orient V-Washe
committee
members"|"LA / DWRD/
PARTNERS"|"GRZ
PARTNERS"|56,580.00|61,606.32|65,306.77|70,732.92|74,664.27|114|328,890.28||Rufunsa Town Council|Lusaka Province|Rufunsa|Rufunsa
StrategyTotal||||2,257,011.20|3,240,631.66|7,576,389.86|4,393,235.22|5,088,622.43|114|22,555,890.37||Rufunsa Town Council|Lusaka Province|Rufunsa|Rufunsa
Strategy|Increase access to improved sanitation services||||||||114|||Rufunsa Town Council|Lusaka Province|Rufunsa|Rufunsa
|||||||||114|||Rufunsa Town Council|Lusaka Province|Rufunsa|Rufunsa
"Sanitation
infrastructure
development"|"Construction of
waterborne
sanitation
facilities"|||250,000|274,750.00|301,950.25|331,843.32|364,695.81|114|1,523,239.39||Rufunsa Town Council|Lusaka Province|Rufunsa|Rufunsa
|"Upgrading of
pit latrines to
water borne
sanitation at
public
institutions"|||||250,000.00|274,750.00|301,950.25|114|826,700.25||Rufunsa Town Council|Lusaka Province|Rufunsa|Rufunsa
"Sanitation and
Personal
Hygiene
Promotion"|"CLTS
Community
meetings"|"LA / DWRD/
PARTNERS"|"GRZ
PARTNERS"|79,350.00|86,399.11|91,588.76|99,198.61|104,712.09|114|461,248.56||Rufunsa Town Council|Lusaka Province|Rufunsa|Rufunsa
|"backstopping
visits to
sensitized
triggered
villages"|"LA / DWRD/
PARTNERS"|"GRZ
PARTNERS"|46,000.00|50,086.44|53,094.93|57,506.44|60,702.66|114|267,390.47||Rufunsa Town Council|Lusaka Province|Rufunsa|Rufunsa
Objective|To Reduce Poverty and Inequalities Levels by 2034||||||||115|||Rufunsa Town Council|Lusaka Province|Rufunsa|Rufunsa
Strategy|Enhance welfare and livelyhoods of poor and vulnerable people.||||||||115|||Rufunsa Town Council|Lusaka Province|Rufunsa|Rufunsa
Programme|Activities|Implementing|Source of|cost per year|||||115|Total||Rufunsa Town Council|Lusaka Province|Rufunsa|Rufunsa
||Agency|Funds|Year 1|Year 2|Year 3|Year 4|Year 5|115|||Rufunsa Town Council|Lusaka Province|Rufunsa|Rufunsa
|||||||||115|||Rufunsa Town Council|Lusaka Province|Rufunsa|Rufunsa
"Social Cash
Transfer"|"Awareness
raising (Wards)"|Social Welfare|GRZ|46,000.00|50,086.44|53,094.93|57,506.44|60,702.66|115|267,390.47||Rufunsa Town Council|Lusaka Province|Rufunsa|Rufunsa
|"Disability
Certification"|Social Welfare|GRZ|46,000.00|50,086.44|53,094.93|57,506.44|60,702.66|115|267,390.47||Rufunsa Town Council|Lusaka Province|Rufunsa|Rufunsa
|"listing of
potential
beneficiries"|Social Welfare|GRZ|69,000.00|75,129.66|79,642.40|86,259.66|91,053.99|115|401,085.70||Rufunsa Town Council|Lusaka Province|Rufunsa|Rufunsa
|"first community
validation"|Social Welfare|GRZ|46,000.00|50,086.44|53,094.93|57,506.44|60,702.66|115|267,390.47||Rufunsa Town Council|Lusaka Province|Rufunsa|Rufunsa
|enumeration|Social Welfare|GRZ|184,000.00|200,345.76|212,379.73|230,025.75|242,810.63|115|1,069,561.87||Rufunsa Town Council|Lusaka Province|Rufunsa|Rufunsa
|"Second
community
validation"|Social Welfare|GRZ|46,000.00|50,086.44|53,094.93|57,506.44|60,702.66|115|267,390.47||Rufunsa Town Council|Lusaka Province|Rufunsa|Rufunsa
|"paymets of cash
transfers to
beneficiaries"|Social Welfare|GRZ|18,594.59|19,711.49|21,349.27|22,535.86|22,646,947.84|115|22,729,139.05||Rufunsa Town Council|Lusaka Province|Rufunsa|Rufunsa
|"Other
Admnistrative
Costs"|||1,150,000.00|1,252,161.00|1,327,373.30|1,437,660.95|1,517,566.46|115|6,684,761.71||Rufunsa Town Council|Lusaka Province|Rufunsa|Rufunsa
|"Collection Of
GRM
Complaint
Forms (CWAC
areas)"|Social Welfare|GRZ|69,000.00|75,129.66|79,642.40|86,259.66|91,053.99|115|401,085.70||Rufunsa Town Council|Lusaka Province|Rufunsa|Rufunsa
|||||||||115|||Rufunsa Town Council|Lusaka Province|Rufunsa|Rufunsa
|||||||||115|||Rufunsa Town Council|Lusaka Province|Rufunsa|Rufunsa
Programme Total|||||||||115|||Rufunsa Town Council|Lusaka Province|Rufunsa|Rufunsa
|||||||||115|||Rufunsa Town Council|Lusaka Province|Rufunsa|Rufunsa
||||1,674,594.59|1,822,823.33|1,932,766.82|2,092,767.63|24,832,243.55|115|32,355,195.92||Rufunsa Town Council|Lusaka Province|Rufunsa|Rufunsa
|"Health care
support"|Social Welfare|GRZ|34,500.00|37,564.83|39,821.20|43,129.83|45,526.99|116|200,542.85||Rufunsa Town Council|Lusaka Province|Rufunsa|Rufunsa
|"Repatriation of
stranded
peresons"|Social Welfare|GRZ|34,500.00|37,564.83|39,821.20|43,129.83|45,526.99|116|200,542.85||Rufunsa Town Council|Lusaka Province|Rufunsa|Rufunsa
|"Primary and
secondary
education
support"|Social Welfare|GRZ|115,000.00|125,216.10|132,737.33|143,766.10|151,756.65|116|668,476.17||Rufunsa Town Council|Lusaka Province|Rufunsa|Rufunsa
|"community
vulnarable
support"|Social Welfare|GRZ|172,500.00|187,824.15|199,105.99|215,649.14|227,634.97|116|1,002,714.26||Rufunsa Town Council|Lusaka Province|Rufunsa|Rufunsa
Programme Total|||||||||116|||Rufunsa Town Council|Lusaka Province|Rufunsa|Rufunsa
|||||||||116|||Rufunsa Town Council|Lusaka Province|Rufunsa|Rufunsa
||||402,500.00|438,256.35|464,580.65|503,181.33|531,148.26|116|2,339,666.60||Rufunsa Town Council|Lusaka Province|Rufunsa|Rufunsa
"Women and
youth
empowerment"|"Training of
Grievance
redress
mechanism
Focal Persons"|"Community
Development"|GRZ|17,250.00|18,782.42|19,910.60|21,564.91|22,763.50|116|100,271.43||Rufunsa Town Council|Lusaka Province|Rufunsa|Rufunsa
|"Grievance
redress
mechanism
sensitization"|"Community
Development"|GRZ|23,000.00|25,043.22|26,547.47|28,753.22|30,351.33|116|133,695.23||Rufunsa Town Council|Lusaka Province|Rufunsa|Rufunsa
|"Training of
women in
entrepreneurshi
p skills and
provision of
grants for
women Clubs"|"Community
Development"|GRZ|17,250.00|18,782.42|19,910.60|21,564.91|22,763.50|117|100,271.43||Rufunsa Town Council|Lusaka Province|Rufunsa|Rufunsa
Programme Total|||||||||117|||Rufunsa Town Council|Lusaka Province|Rufunsa|Rufunsa
|||||||||117|||Rufunsa Town Council|Lusaka Province|Rufunsa|Rufunsa
||||86,250.00|93,912.08|99,553.00|107,824.57|113,817.48|117|501,357.13||Rufunsa Town Council|Lusaka Province|Rufunsa|Rufunsa
"Community
Self-help
programs"|"Community
sensitization on
community
self-projects"|"Community
Development"|GRZ|11,500.00|12,521.61|13,273.73|14,376.61|15,175.66|117|66,847.62||Rufunsa Town Council|Lusaka Province|Rufunsa|Rufunsa
"Non formal
education"|"Refresher
course for adult
literacy
instructors"|"Community
Development"|GRZ|11,500.00|12,521.61|13,273.73|14,376.61|15,175.66|117|66,847.62||Rufunsa Town Council|Lusaka Province|Rufunsa|Rufunsa
|"Revamping and
formation of
literacy classes"|"Community
Development"|GRZ|11,500.00|12,521.61|13,273.73|14,376.61|15,175.66|117|66,847.62||Rufunsa Town Council|Lusaka Province|Rufunsa|Rufunsa
|"Procure
Teaching
material"|"Community
Development"|GRZ|11,500.00|12,521.61|13,273.73|14,376.61|15,175.66|117|66,847.62||Rufunsa Town Council|Lusaka Province|Rufunsa|Rufunsa
||||46,000.00|50,086.44|53,094.93|57,506.44|60,702.66|117|267,390.47||Rufunsa Town Council|Lusaka Province|Rufunsa|Rufunsa
"Food Security
Pack"|"Provision of
food security
Pack"|"Community
Development"|GRZ|24,150.00|26,295.38|27,874.84|30,190.88|31,868.90|117|140,380.00||Rufunsa Town Council|Lusaka Province|Rufunsa|Rufunsa
|"community
selection and
allocation of
caseloads"|"Community
Development"|GRZ|-|-|-|-|-|118|-||Rufunsa Town Council|Lusaka Province|Rufunsa|Rufunsa
|"targeting
beneficiary
households for
support,
Listing,
Community
validation, Self-
registration and
Lottery"|"Community
Development"|GRZ|23,000.00|25,043.22|26,547.47|28,753.22|30,351.33|118|133,695.23||Rufunsa Town Council|Lusaka Province|Rufunsa|Rufunsa
|"Training of
Vulnerable but
Viable farmers
into farming
methods"|"Community
Development"|GRZ|11,500.00|12,521.61|13,273.73|14,376.61|15,175.66|118|66,847.62||Rufunsa Town Council|Lusaka Province|Rufunsa|Rufunsa
|"Distribution of
Inputs"|"Community
Development"|GRZ|23,000.00|25,043.22|26,547.47|28,753.22|30,351.33|118|133,695.23||Rufunsa Town Council|Lusaka Province|Rufunsa|Rufunsa
|"Monitoring of
crop
performance"|"Community
Development"|GRZ|18,594.59|19,711.49|21,349.27|22,535.86|12,140.53|118|94,331.74||Rufunsa Town Council|Lusaka Province|Rufunsa|Rufunsa
|"Conduct
Harvest
projection"|"Community
Development"|GRZ|9,200.00|10,017.29|10,618.99|11,501.29|12,140.53|118|53,478.09||Rufunsa Town Council|Lusaka Province|Rufunsa|Rufunsa
|"Collection of
Recoveries"|"Community
Development"|GRZ|9,200.00|10,017.29|10,618.99|11,501.29|12,140.53|118|53,478.09||Rufunsa Town Council|Lusaka Province|Rufunsa|Rufunsa
Programme Total|||||||||118|||Rufunsa Town Council|Lusaka Province|Rufunsa|Rufunsa
|||||||||118|||Rufunsa Town Council|Lusaka Province|Rufunsa|Rufunsa
||||124,394.59|134,910.31|143,467.61|154,800.67|151,756.65|118|709,329.82||Rufunsa Town Council|Lusaka Province|Rufunsa|Rufunsa
|"Empoweremnet
Loans"|Local Authority|CDF|3,369,270.00|3,668,581.30|3,888,938.29|4,212,059.05|4,446,166.22|119|19,585,014.87||Rufunsa Town Council|Lusaka Province|Rufunsa|Rufunsa
|"Secondary
School
Boarding
busaries and
Skills
Development"|Local Authority|CDF|5,615,450.00|6,114,302.16|6,481,563.82|7,020,098.42|7,410,277.04|119|32,641,691.44||Rufunsa Town Council|Lusaka Province|Rufunsa|Rufunsa
Programme|||||||||119|||Rufunsa Town Council|Lusaka Province|Rufunsa|Rufunsa
|||||||||119|||Rufunsa Town Council|Lusaka Province|Rufunsa|Rufunsa
Total||||11,230,900.0|12,228,604.3||||119|||Rufunsa Town Council|Lusaka Province|Rufunsa|Rufunsa
|65,283,382.89|||0|3|12,963,127.64|14,040,196.84|14,820,554.08|119|65,283,382.89||Rufunsa Town Council|Lusaka Province|Rufunsa|Rufunsa
Strategy|Increase access to electricity in rural areas||||||||119|||Rufunsa Town Council|Lusaka Province|Rufunsa|Rufunsa
|||||||||119|||Rufunsa Town Council|Lusaka Province|Rufunsa|Rufunsa
"Rural
Electrification"|"Electrification
of unserved
communities
and public
institutions"|LA/REA|CDF||1,000,000.00|1,099,000.00|1,207,801.00|1,327,373.30|119|4,634,174.30||Rufunsa Town Council|Lusaka Province|Rufunsa|Rufunsa
"GOAL
TOTAL"||||"41,525,625.3
8"|"42,534,490.9
9"|67,826,517.10|47,268,558.80|78,149,656.01|119|280,939,022.59||Rufunsa Town Council|Lusaka Province|Rufunsa|Rufunsa
Objective|Increased adaptive Capacity to Climate Change by 2034||||||||120|||Rufunsa Town Council|Lusaka Province|Rufunsa|Rufunsa
Strategy|Strengthen Climate Change Adaptition||||||||120|||Rufunsa Town Council|Lusaka Province|Rufunsa|Rufunsa
Programme|Activities|Location|Target|Target|Target|Target|Target|Responsible|120|||Rufunsa Town Council|Lusaka Province|Rufunsa|Rufunsa
||(by|Year 1|Year 2|Year 3|Year 4|Year 5|Agency|120|||Rufunsa Town Council|Lusaka Province|Rufunsa|Rufunsa
||priority)|||||||120|||Rufunsa Town Council|Lusaka Province|Rufunsa|Rufunsa
Community|"Conduct sensitisation and
awareness meetings"|District|12|12|12|12|12|Forestry|120|||Rufunsa Town Council|Lusaka Province|Rufunsa|Rufunsa
education and|||||||||120|||Rufunsa Town Council|Lusaka Province|Rufunsa|Rufunsa
awareness|||||||||120|||Rufunsa Town Council|Lusaka Province|Rufunsa|Rufunsa
Sustainable|"Conduct general forest
patrols"|District|16|16|16|16|16|Forestry|120|||Rufunsa Town Council|Lusaka Province|Rufunsa|Rufunsa
Forest|||||||||120|||Rufunsa Town Council|Lusaka Province|Rufunsa|Rufunsa
Management|"Conduct beekeeping
trainings"|District|1|1|1|1|1|Forestry|120|||Rufunsa Town Council|Lusaka Province|Rufunsa|Rufunsa
|||||||||120|||Rufunsa Town Council|Lusaka Province|Rufunsa|Rufunsa
|"Raise ad plant nursery
seedlings"|District|50,000|50,000|50,000|50,000|50,000|Forestry|120|||Rufunsa Town Council|Lusaka Province|Rufunsa|Rufunsa
Sustainable|"Preparation of Game
Management Plans"|District|1|1|1|||GRZ/BCP|120|||Rufunsa Town Council|Lusaka Province|Rufunsa|Rufunsa
Wildlife|||||||||120|||Rufunsa Town Council|Lusaka Province|Rufunsa|Rufunsa
Management|||||||||120|||Rufunsa Town Council|Lusaka Province|Rufunsa|Rufunsa
|"Maintenance of Animal
Corridors in Chipeketi"|District|1|1|1|1|1|GRZ/BCP|120|||Rufunsa Town Council|Lusaka Province|Rufunsa|Rufunsa
|Bio-diversty monitoring|District|4|4|4|4|4|GRZ/BCP|120|||Rufunsa Town Council|Lusaka Province|Rufunsa|Rufunsa
climate Change|"sensitisation and trainings
on diverse food systems"|District|2|2|2|2|2|LA/HIVOs|120|||Rufunsa Town Council|Lusaka Province|Rufunsa|Rufunsa
Adaptation|||||||||120|||Rufunsa Town Council|Lusaka Province|Rufunsa|Rufunsa
|"Trainings on Food
Preservation"|District|4|4|4|4|4|LA/HIVOs|120|||Rufunsa Town Council|Lusaka Province|Rufunsa|Rufunsa
Strategy|Enhance natural resource management||||||||120|||Rufunsa Town Council|Lusaka Province|Rufunsa|Rufunsa
Parks and|||||||||121|||Rufunsa Town Council|Lusaka Province|Rufunsa|Rufunsa
Gardens|||||||||121|||Rufunsa Town Council|Lusaka Province|Rufunsa|Rufunsa
|||||||||121|||Rufunsa Town Council|Lusaka Province|Rufunsa|Rufunsa
|Tree Planting|District|400|400|400|400|400|LA/Forestry|121|||Rufunsa Town Council|Lusaka Province|Rufunsa|Rufunsa
|"Maintaenance of open
spaces"|District|1|3|3|3|3|LA|121|||Rufunsa Town Council|Lusaka Province|Rufunsa|Rufunsa
Environmental|"Conduct enforcement of
environmental regulations"|District|10|10|10|10|10|LA|121|||Rufunsa Town Council|Lusaka Province|Rufunsa|Rufunsa
Regulations|||||||||121|||Rufunsa Town Council|Lusaka Province|Rufunsa|Rufunsa
|"Environmental and Social
Impact Assessments"|District|12|12|12|12|12|LA|121|||Rufunsa Town Council|Lusaka Province|Rufunsa|Rufunsa
Environmental|Mapping of Heritage sites|District|1|2|0|0|1|LA|121|||Rufunsa Town Council|Lusaka Province|Rufunsa|Rufunsa
Protection|||||||||121|||Rufunsa Town Council|Lusaka Province|Rufunsa|Rufunsa
|"Environmental education
and awareness raising"|District|12|12|12|12|12|LA|121|||Rufunsa Town Council|Lusaka Province|Rufunsa|Rufunsa
Objective|To enhance Solid Waste Management System in the District by 2034||||||||121|||Rufunsa Town Council|Lusaka Province|Rufunsa|Rufunsa
Strategy|Provision of infrastructure and equipment||||||||121|||Rufunsa Town Council|Lusaka Province|Rufunsa|Rufunsa
Programme|Activities|Location|Target|Target|Target|Target|Target|Responsible|121|||Rufunsa Town Council|Lusaka Province|Rufunsa|Rufunsa
||(by|Year 1|Year 2|Year 3|Year 4|Year 5|agency/|121|||Rufunsa Town Council|Lusaka Province|Rufunsa|Rufunsa
||priority)|||||||121|||Rufunsa Town Council|Lusaka Province|Rufunsa|Rufunsa
Preparation of a|"Preparation of Solid waste
management plan"|"Rufunsa
District"|1|-|-|-|-|LA|121|||Rufunsa Town Council|Lusaka Province|Rufunsa|Rufunsa
district solid|||||||||121|||Rufunsa Town Council|Lusaka Province|Rufunsa|Rufunsa
waste|||||||||121|||Rufunsa Town Council|Lusaka Province|Rufunsa|Rufunsa
management|||||||||121|||Rufunsa Town Council|Lusaka Province|Rufunsa|Rufunsa
plan|||||||||121|||Rufunsa Town Council|Lusaka Province|Rufunsa|Rufunsa
Infrastructure|Construction of refuse bays|"Rufunsa
District"|0|8|1|1|1|LA|121|||Rufunsa Town Council|Lusaka Province|Rufunsa|Rufunsa
development|||||||||121|||Rufunsa Town Council|Lusaka Province|Rufunsa|Rufunsa
|Installation of skip bins|"Rufunsa
District"|0|2|1|1|-|LA|121|||Rufunsa Town Council|Lusaka Province|Rufunsa|Rufunsa
Procurement of|"Procurement of a refuse
truck"|Rufunsa|0|0|0|0|1|LA|121|||Rufunsa Town Council|Lusaka Province|Rufunsa|Rufunsa
refuse|||||||||121|||Rufunsa Town Council|Lusaka Province|Rufunsa|Rufunsa
management|"Procurement of a refuse
skip collector"||0|0|0|1|0|LA|121|||Rufunsa Town Council|Lusaka Province|Rufunsa|Rufunsa
equipment|||||||||121|||Rufunsa Town Council|Lusaka Province|Rufunsa|Rufunsa
|||||||||122|||Rufunsa Town Council|Lusaka Province|Rufunsa|Rufunsa
Objective|Increased adaptive Capacity to Climate Change by 2034||||||||122|||Rufunsa Town Council|Lusaka Province|Rufunsa|Rufunsa
Strategy|Strengthen Climate Change Adaptition||||||||122|||Rufunsa Town Council|Lusaka Province|Rufunsa|Rufunsa
Programme|Activities|Implementing|Source of fund|Cost per year|||||122|Tot||Rufunsa Town Council|Lusaka Province|Rufunsa|Rufunsa
||agency||Year 1|Year 2|Year 3|Year 4|Year 5|122|||Rufunsa Town Council|Lusaka Province|Rufunsa|Rufunsa
|||||||||122|||Rufunsa Town Council|Lusaka Province|Rufunsa|Rufunsa
"Community
education and
awareness"|"Conduct
sensitisation
meetings"|Forestry|GRZ|5,750.00|6,260.81|6,636.87|7,188.30|7,587.83|122|||Rufunsa Town Council|Lusaka Province|Rufunsa|Rufunsa
"Sustainable
Forest
Management"|"Conduct
general forest
patrols"|Forestry|GRZ|172,500.00|187,824.15|199,105.99|215,649.14|227,634.97|122|||Rufunsa Town Council|Lusaka Province|Rufunsa|Rufunsa
|"Conduct
beekeeping
trainings"|Forestry|GRZ|28,750.00|31,304.03|33,184.33|35,941.52|37,939.16|122|||Rufunsa Town Council|Lusaka Province|Rufunsa|Rufunsa
|"Raise ad plant
nursery
seedlings"|Forestry|GRZ|28,750.00|31,304.03|33,184.33|35,941.52|37,939.16|122|||Rufunsa Town Council|Lusaka Province|Rufunsa|Rufunsa
"Sustainable
Wildlife
Management"|"Preparation of
Game
Management
Plans"|GRZ/BCP|BCP/DNPWL|230,000.00|250,432.20|265,474.66|287,532.19|303,513.29|122|||Rufunsa Town Council|Lusaka Province|Rufunsa|Rufunsa
|"Maintenance
of Animal
Corridors in
Chipeketi"|GRZ/BCP|BCP/DNPWL|230,000.00|250,432.20|265,474.66|287,532.19|303,513.29|122|||Rufunsa Town Council|Lusaka Province|Rufunsa|Rufunsa
"climate
Change
Adaptation"|"sensitisation
and trainings
on diverse
food systems"|HIVOs|HIVOS|18,594.59|19,711.49|21,349.27|22,535.86|151,756.65|122|||Rufunsa Town Council|Lusaka Province|Rufunsa|Rufunsa
||HIVOs|HIVOS|115,000.00|125,216.10|132,737.33|143,766.10|151,756.65|123|||Rufunsa Town Council|Lusaka Province|Rufunsa|Rufunsa
"Programme
Total"||||829,344.59|902,485.00|957,147.44|1,036,086.83|1,221,641.00|123|||Rufunsa Town Council|Lusaka Province|Rufunsa|Rufunsa
Objective|To improve environmental sustainability by 2034||||||||123|||Rufunsa Town Council|Lusaka Province|Rufunsa|Rufunsa
Programme|Activities|Implementing|Source of fund|Cost per year|||||123|Tot||Rufunsa Town Council|Lusaka Province|Rufunsa|Rufunsa
||agency||Year 1|Year 2|Year 3|Year 4|Year 5|123|||Rufunsa Town Council|Lusaka Province|Rufunsa|Rufunsa
|||||||||123|||Rufunsa Town Council|Lusaka Province|Rufunsa|Rufunsa
"Parks and
Gardens"|"Obtaining
certificate of
title for open
spaces within
the township"|LA|LA|11,500.00|18,940.00|-|-|-|123|||Rufunsa Town Council|Lusaka Province|Rufunsa|Rufunsa
|Tree Planting|LA|"LA/Cooperating
Partners"|11,500.00|30,000.00|13,273.73|14,376.61|15,175.66|123|||Rufunsa Town Council|Lusaka Province|Rufunsa|Rufunsa
|"Maintenance
of open spaces"|LA|"LA/Cooperating
Partners"|1,000.00|10,017.29|10,618.99|11,501.29|12,140.53|123|||Rufunsa Town Council|Lusaka Province|Rufunsa|Rufunsa
"Environmental
Regulations"|"Conduct
enforcement
of
environmental
regulations"|LA|LA|6,000.00|7,512.97|7,964.24|8,625.97|9,105.40|123|||Rufunsa Town Council|Lusaka Province|Rufunsa|Rufunsa
|"Environmental
and Social
Impact
Assessments"|LA|LA|2,000.00|18,782.42|19,910.60|21,564.91|22,763.50|123|||Rufunsa Town Council|Lusaka Province|Rufunsa|Rufunsa
"Environmental
Protection"|"Mapping of
Heritage sites"|LA|LA|11,500.00|25,043.00|-|-|15,176.00|123|||Rufunsa Town Council|Lusaka Province|Rufunsa|Rufunsa
|"Environmental
education and
awareness
raising"|LA|LA|27,600.00|30,051.86|31,856.96|34,503.86|36,421.60|123|||Rufunsa Town Council|Lusaka Province|Rufunsa|Rufunsa
Objective|To enhance Solid Waste Management System in the District by 2034||||||||124|||Rufunsa Town Council|Lusaka Province|Rufunsa|Rufunsa
Strategy|Provision of infrastructure and equipment||||||||124|||Rufunsa Town Council|Lusaka Province|Rufunsa|Rufunsa
Programme|Activities|Implementing|Source of fund|Cost per year|||||124|Tot||Rufunsa Town Council|Lusaka Province|Rufunsa|Rufunsa
||agency||Year 1|Year 2|Year 3|Year 4|Year 5|124|||Rufunsa Town Council|Lusaka Province|Rufunsa|Rufunsa
|||||||||124|||Rufunsa Town Council|Lusaka Province|Rufunsa|Rufunsa
"Preparation of
a district solid
waste
management
plan"|"Preparation of
Solid waste
management
plan"|"Local
Authority"||10,580.00|-|-|-|-|124|||Rufunsa Town Council|Lusaka Province|Rufunsa|Rufunsa
"Infrastructure
development"|"Construction
of refuse bays"|"Local
Authority"|LA|-|87,000.15|92,225.90|99,888.68|105,440.52|124|||Rufunsa Town Council|Lusaka Province|Rufunsa|Rufunsa
|"Installation of
skip bins"|"Local
Authority"|LA|-||185,832.26|100,636.27|106,229.65|124|||Rufunsa Town Council|Lusaka Province|Rufunsa|Rufunsa
"Procurement
of refuse
management
equipment"|"Procurement
of a refuse
truck"|"Local
Authority"|GRZ/LA|-|2,253,889.80|-|-|-|124|||Rufunsa Town Council|Lusaka Province|Rufunsa|Rufunsa
|"Procurement
of a refuse
skip collector"|"Local
Authority"|GRZ/LA|-||-|-|2,807,497.96|124|||Rufunsa Town Council|Lusaka Province|Rufunsa|Rufunsa
|"Procurement
of refuse bins"||LA|-|25,043.22|26,547.47|28,753.22|30,351.33|124|||Rufunsa Town Council|Lusaka Province|Rufunsa|Rufunsa
"Programme
Total"||||10,580.00|2,365,933.17|304,605.62|229,278.17|3,049,519.46|124|||Rufunsa Town Council|Lusaka Province|Rufunsa|Rufunsa
"GOAL
TOTAL"||||911,024.59|3,408,765.70|1,345,377.58|1,355,937.64|4,381,943.15|124|||Rufunsa Town Council|Lusaka Province|Rufunsa|Rufunsa
Objective|To enhance citizen participation in development by 2033||||||||125|||Rufunsa Town Council|Lusaka Province|Rufunsa|Rufunsa
Strategy|Operationalise Ward Development Committees||||||||125|||Rufunsa Town Council|Lusaka Province|Rufunsa|Rufunsa
Programme|Activities|Location|Target|Target|Target|Target|Target|Responsible|125|||Rufunsa Town Council|Lusaka Province|Rufunsa|Rufunsa
||(by|Year 1|Year 2|Year 3|Year 4|Year 5|Agency|125|||Rufunsa Town Council|Lusaka Province|Rufunsa|Rufunsa
||priority)|||||||125|||Rufunsa Town Council|Lusaka Province|Rufunsa|Rufunsa
Ward Development|Orientation of WDCs|District|12|12|12|12|12|LA|125|||Rufunsa Town Council|Lusaka Province|Rufunsa|Rufunsa
Committees|||||||||125|||Rufunsa Town Council|Lusaka Province|Rufunsa|Rufunsa
|"Implementation of WDF
projects"|District|12|12|12|12|12|LA|125|||Rufunsa Town Council|Lusaka Province|Rufunsa|Rufunsa
|Construction of WDC Offices|Wards|||4|4|4|LA|125|||Rufunsa Town Council|Lusaka Province|Rufunsa|Rufunsa
Objective|Create and maintain a mutual relationship between the Local Authority and its publics by 2029||||||||125|||Rufunsa Town Council|Lusaka Province|Rufunsa|Rufunsa
|||||||||125|||Rufunsa Town Council|Lusaka Province|Rufunsa|Rufunsa
Strategy|Undertake dissemination of information to the public||||||||125|||Rufunsa Town Council|Lusaka Province|Rufunsa|Rufunsa
|"Production of brochures,
magazines and pop up stands"|"Civic
Center
information
desk"|1100|1100|1100|1100|1100|LA|125|||Rufunsa Town Council|Lusaka Province|Rufunsa|Rufunsa
|||||||||125|||Rufunsa Town Council|Lusaka Province|Rufunsa|Rufunsa
Publicity|||||||||125|||Rufunsa Town Council|Lusaka Province|Rufunsa|Rufunsa
|Sensitisation|Rufunsa|4|4|4|4|4|LA|125|||Rufunsa Town Council|Lusaka Province|Rufunsa|Rufunsa
|||||||||126|||Rufunsa Town Council|Lusaka Province|Rufunsa|Rufunsa
|Media Tours|Rufunsa|1|1|1|1|1|LA|126|||Rufunsa Town Council|Lusaka Province|Rufunsa|Rufunsa
|"Development of Grievance
Mechanism Strategy"|Rufunsa|1|||||LA|126|||Rufunsa Town Council|Lusaka Province|Rufunsa|Rufunsa
Objective|To improve the registration of land by 2033||||||||126|||Rufunsa Town Council|Lusaka Province|Rufunsa|Rufunsa
Strategy|Strengthening Land registration systems||||||||126|||Rufunsa Town Council|Lusaka Province|Rufunsa|Rufunsa
Programme|Activities|Location|Target|Target|Target|Target|Target|Responsible|126|||Rufunsa Town Council|Lusaka Province|Rufunsa|Rufunsa
||(by|Year 1|Year 2|Year 3|Year 4|Year 5|Agency|126|||Rufunsa Town Council|Lusaka Province|Rufunsa|Rufunsa
||priority)|||||||126|||Rufunsa Town Council|Lusaka Province|Rufunsa|Rufunsa
Land Management|"Development of LAP in
Sinjela and Shikabeta"|"Rufunsa
Shikabeta
Townships"|1|1|-|-|-|LA|126|||Rufunsa Town Council|Lusaka Province|Rufunsa|Rufunsa
and Administration|||||||||126|||Rufunsa Town Council|Lusaka Province|Rufunsa|Rufunsa
|"Maintainance of land
database in Sinjela and
Rufunsa Township"|"Rufunsa
Shikabeta
Townships"|2|3|3|3|3|LA|126|||Rufunsa Town Council|Lusaka Province|Rufunsa|Rufunsa
|"Community Sensitisation on
planning laws and regulations"|"Rufunsa
Shikabeta
Townships"|4|4|4|4|4|LA|126|||Rufunsa Town Council|Lusaka Province|Rufunsa|Rufunsa
|"Procurement of Geographical
Information System Kit"|Township|1|||||LA|126|||Rufunsa Town Council|Lusaka Province|Rufunsa|Rufunsa
Objective|To enhance delivery of municipal services by 2033||||||||126|||Rufunsa Town Council|Lusaka Province|Rufunsa|Rufunsa
Strategy|Strengthen public serve performance and management systems||||||||126|||Rufunsa Town Council|Lusaka Province|Rufunsa|Rufunsa
Municipal Service|"Procurement of Municipal
service motor vehicles"|"Rufunsa
Town
Council"|0|2|0|0|1|LA|126|||Rufunsa Town Council|Lusaka Province|Rufunsa|Rufunsa
Delivery|||||||||126|||Rufunsa Town Council|Lusaka Province|Rufunsa|Rufunsa
|"Development and distribution
of Municipal Service Charters"|"Rufunsa
Town
Council"||1|0|||LA|126|||Rufunsa Town Council|Lusaka Province|Rufunsa|Rufunsa
ICT for public|||||||||127|||Rufunsa Town Council|Lusaka Province|Rufunsa|Rufunsa
service delivery|||||||||127|||Rufunsa Town Council|Lusaka Province|Rufunsa|Rufunsa
|Installation of LAN|Township|1|1|1|1|1|LA|127|||Rufunsa Town Council|Lusaka Province|Rufunsa|Rufunsa
|"Procurement of ICT
equipment and Software"|Township|35|10|10|10|10|LA|127|||Rufunsa Town Council|Lusaka Province|Rufunsa|Rufunsa
|Capacity building in ICT|Township||2|1|1|1|LA|127|||Rufunsa Town Council|Lusaka Province|Rufunsa|Rufunsa
|E Payment systems|Township||1|1|1|1|LA|127|||Rufunsa Town Council|Lusaka Province|Rufunsa|Rufunsa
Objective|To Improve Postal and Radio Services by 2033||||||||127|||Rufunsa Town Council|Lusaka Province|Rufunsa|Rufunsa
Strategy|construction postal and radio service infrastructure||||||||127|||Rufunsa Town Council|Lusaka Province|Rufunsa|Rufunsa
Programme|Activities|Location|Target|Target|Target|Target|Target|Responsible|127|||Rufunsa Town Council|Lusaka Province|Rufunsa|Rufunsa
||(by|Year 1|Year 2|Year 3|Year 4|Year 5|Agency|127|||Rufunsa Town Council|Lusaka Province|Rufunsa|Rufunsa
||priority)|||||||127|||Rufunsa Town Council|Lusaka Province|Rufunsa|Rufunsa
Infrastructure|"Setting up of community
Radio Station"|District|0|0|1|0|0|LA/ Partners|127|||Rufunsa Town Council|Lusaka Province|Rufunsa|Rufunsa
Development|||||||||127|||Rufunsa Town Council|Lusaka Province|Rufunsa|Rufunsa
|"Completion of Rufunsa Post
Office"|Township|0|0|1|0|0|MOI|127|||Rufunsa Town Council|Lusaka Province|Rufunsa|Rufunsa
Objective|To enhance public order and safety by 2033||||||||127|||Rufunsa Town Council|Lusaka Province|Rufunsa|Rufunsa
Strategy|Enhance public safety and order infrastructure and services||||||||127|||Rufunsa Town Council|Lusaka Province|Rufunsa|Rufunsa
Infrastructure|Construction of Fire station|Township|0|0|0|1|0|LA|127|||Rufunsa Town Council|Lusaka Province|Rufunsa|Rufunsa
Development|"Construction of police posts/
stations"|District|1|0|0|0|0|LA/Partners|127|||Rufunsa Town Council|Lusaka Province|Rufunsa|Rufunsa
|||||||||127|||Rufunsa Town Council|Lusaka Province|Rufunsa|Rufunsa
|"Construction of Police
Station, 2 No. Medium
Houses, 8 No. Low Cost
Houses"|Township|0|1|0|0|0|MIHUD|127|||Rufunsa Town Council|Lusaka Province|Rufunsa|Rufunsa
Police and Fire|"Procurement of fire service
equipment"|Township|0|0|1|0|0|"LA/
MLGRD"|127|||Rufunsa Town Council|Lusaka Province|Rufunsa|Rufunsa
service equipment|||||||||127|||Rufunsa Town Council|Lusaka Province|Rufunsa|Rufunsa
|"Procurement of Police Motor
Vehicle"|Township|0|1|0|0|0|LA|127|||Rufunsa Town Council|Lusaka Province|Rufunsa|Rufunsa
|||||||||128|||Rufunsa Town Council|Lusaka Province|Rufunsa|Rufunsa
Objective|To provide District Administration infrastructure to support governance systems by 2033||||||||128|||Rufunsa Town Council|Lusaka Province|Rufunsa|Rufunsa
Strategy|Completion of on-going government infrastructure||||||||128|||Rufunsa Town Council|Lusaka Province|Rufunsa|Rufunsa
Programme|Activities|Location|Target|Target|Target|Target|Target|Responsible|128|||Rufunsa Town Council|Lusaka Province|Rufunsa|Rufunsa
||(by|Year 1|Year 2|Year 3|Year 4|Year 5|Agency|128|||Rufunsa Town Council|Lusaka Province|Rufunsa|Rufunsa
||priority)|||||||128|||Rufunsa Town Council|Lusaka Province|Rufunsa|Rufunsa
Infrastructure|"Construction of District
Admin Block"|Township|0|1|0|0|0|MIHUD|128|||Rufunsa Town Council|Lusaka Province|Rufunsa|Rufunsa
Development|||||||||128|||Rufunsa Town Council|Lusaka Province|Rufunsa|Rufunsa
|"Construction of Council
Admin Block & 2 High Cost
Houses & External Works"|Township|0|1|0|0|0|MIHUD|128|||Rufunsa Town Council|Lusaka Province|Rufunsa|Rufunsa
|"Construction of 20 No. Low
Cost Houses & Associated
External Works"|Township|0|1|0|0|0|MIHUD|128|||Rufunsa Town Council|Lusaka Province|Rufunsa|Rufunsa
Objective|To enhance citizen participation in development by 2034||||||||129|||Rufunsa Town Council|Lusaka Province|Rufunsa|Rufunsa
Strategy|Operationalise Ward Development Committees||||||||129|||Rufunsa Town Council|Lusaka Province|Rufunsa|Rufunsa
||Implementi|Sourc|Cost per year|||||129|Total||Rufunsa Town Council|Lusaka Province|Rufunsa|Rufunsa
Programme|Activities||e of||||||129|||Rufunsa Town Council|Lusaka Province|Rufunsa|Rufunsa
||ng agency||Year 1|Year 2|Year 3|Year 4|Year 5|129|||Rufunsa Town Council|Lusaka Province|Rufunsa|Rufunsa
|||fund||||||129|||Rufunsa Town Council|Lusaka Province|Rufunsa|Rufunsa
|||||||||129|||Rufunsa Town Council|Lusaka Province|Rufunsa|Rufunsa
|||||||||129|||Rufunsa Town Council|Lusaka Province|Rufunsa|Rufunsa
"Ward
Developmen
t Committees"|"Orientation
of WDCs"|LA|GRZ|69,000|75,130|79,642|86,260|91,054|129|401,085.70||Rufunsa Town Council|Lusaka Province|Rufunsa|Rufunsa
|"Implementati
on of WDF
projects"|LA, WDC|GRZ|128,800|140,242|148,666|161,018|169,967|129|748,693.31||Rufunsa Town Council|Lusaka Province|Rufunsa|Rufunsa
|"Construction
of WDC
Offices"|LA, WDC|GRZ|||800,000|879,200|966,241|129|"2,645,440.8
0"||Rufunsa Town Council|Lusaka Province|Rufunsa|Rufunsa
"Programme
Total"||||197,800|215,372|228,308|247,278|261,021|129|"3,795,219.8
1"||Rufunsa Town Council|Lusaka Province|Rufunsa|Rufunsa
Objective|Create and maintain a mutual relationship between the Local Authority and its publics by 2034||||||||129|||Rufunsa Town Council|Lusaka Province|Rufunsa|Rufunsa
Strategy|Undertake dissemination of information to the public||||||||129|||Rufunsa Town Council|Lusaka Province|Rufunsa|Rufunsa
Programme|Activities|Implementi|Sourc|Cost per year|||||129|Total||Rufunsa Town Council|Lusaka Province|Rufunsa|Rufunsa
|||e of|Year 1|Year 2|Year 3|Year 4|Year 5|129|||Rufunsa Town Council|Lusaka Province|Rufunsa|Rufunsa
||ng agency|||||||129|||Rufunsa Town Council|Lusaka Province|Rufunsa|Rufunsa
|||fund||||||129|||Rufunsa Town Council|Lusaka Province|Rufunsa|Rufunsa
|||||||||129|||Rufunsa Town Council|Lusaka Province|Rufunsa|Rufunsa
Publicity|"Production of
brochures,
magazines
and pop up
stands"|LA|GRZ|60,300|71,999|76,324|82,666|87,260|129|378,548.80||Rufunsa Town Council|Lusaka Province|Rufunsa|Rufunsa
|Sensitisation|LA|GRZ|66,804|72,738|77,107|83,514|88,155|129|388,317.81||Rufunsa Town Council|Lusaka Province|Rufunsa|Rufunsa
|"Procurement
of PA System"|LA|GRZ||37,565|0|0|0|129|37,564.83||Rufunsa Town Council|Lusaka Province|Rufunsa|Rufunsa
|Media Tours|"LA, Public
and Private
Broadcasters"|GRZ|17,250.00|18,782.42|19,910.60|21,564.91|"22,763.5
0"|129|100,271.43||Rufunsa Town Council|Lusaka Province|Rufunsa|Rufunsa
|"Development
of Grievance
Mechanism
Strategy"|LA|GRZ|0|6260.805|0|0|0|129|6,260.81||Rufunsa Town Council|Lusaka Province|Rufunsa|Rufunsa
"Programme
Total"||||144,354|207,345|173,342|187,744|198,179|129|910,963.67||Rufunsa Town Council|Lusaka Province|Rufunsa|Rufunsa
Objective|To improve the registration of land by 2034||||||||130|||Rufunsa Town Council|Lusaka Province|Rufunsa|Rufunsa
Strategy|Strengthening Land registration systems||||||||130|||Rufunsa Town Council|Lusaka Province|Rufunsa|Rufunsa
Programme|Activities|Implementi|Sourc|Cost per year|||||130|Total||Rufunsa Town Council|Lusaka Province|Rufunsa|Rufunsa
|||e of|Year 1|Year 2|Year 3|Year 4|Year 5|130|||Rufunsa Town Council|Lusaka Province|Rufunsa|Rufunsa
||ng agency|||||||130|||Rufunsa Town Council|Lusaka Province|Rufunsa|Rufunsa
|||fund||||||130|||Rufunsa Town Council|Lusaka Province|Rufunsa|Rufunsa
|||||||||130|||Rufunsa Town Council|Lusaka Province|Rufunsa|Rufunsa
"Land
Management
and
Administrati
on"|"Development
of LAP in
Sinjela and
Shikabeta"|LA|GRZ|23,000|187,824|663,687|0|0|130|874,510.80||Rufunsa Town Council|Lusaka Province|Rufunsa|Rufunsa
|"Maintainance
of land
database in
Sinjela and
Rufunsa
Township"|LA|GRZ|23,000|25,043|26,547|28,753|30,351|130|133,695.23||Rufunsa Town Council|Lusaka Province|Rufunsa|Rufunsa
|"Community
Sensitisation
on planning
laws and
regulations"|LA|GRZ|23,000|25,043|26,547|28,753|30,351|130|133,695.23||Rufunsa Town Council|Lusaka Province|Rufunsa|Rufunsa
|"Procurement
of
Geographical
Information
System Kit"|LA|GRZ|0|375,648|0|0|0|130|375,648.30||Rufunsa Town Council|Lusaka Province|Rufunsa|Rufunsa
"Programme
Total"||||69,000|613,559|716,782|57,506|60,703|130|"1,517,549.5
7"||Rufunsa Town Council|Lusaka Province|Rufunsa|Rufunsa
Objective|To enhance delivery of municipal services by 2034||||||||130|||Rufunsa Town Council|Lusaka Province|Rufunsa|Rufunsa
Strategy|Strengthen public serve performnace and management systems||||||||130|||Rufunsa Town Council|Lusaka Province|Rufunsa|Rufunsa
||Implementi|Sourc|Cost per year|||||130|Total||Rufunsa Town Council|Lusaka Province|Rufunsa|Rufunsa
Programme|Activities||e of|Year 1|Year 2|Year 3|Year 4|Year 5|130|||Rufunsa Town Council|Lusaka Province|Rufunsa|Rufunsa
|"Development
and
distribution
of Municipal
Service
Charters"|LA|GRZ||30,000.00|32,970.00|||131|62,970.00||Rufunsa Town Council|Lusaka Province|Rufunsa|Rufunsa
"ICT for
public
service
delivery"|"Installation
of LAN and
maintenance"|LA|GRZ|80,000.00|18,782.42|19,910.60|21,564.91|"22,763.5
0"|131|163,021.43||Rufunsa Town Council|Lusaka Province|Rufunsa|Rufunsa
|"Procurement
of ICT
equipment
and Software"|LA|GRZ|459,940.00|313,040.25|265,474.66|215,649.14|"151,756.
65"|131|"1,405,860.7
0"||Rufunsa Town Council|Lusaka Province|Rufunsa|Rufunsa
|"Capacity
building in
ICT"|LA|GRZ|30,000.00|18,782.42|19,910.60|21,564.91|"22,763.5
0"|131|113,021.43||Rufunsa Town Council|Lusaka Province|Rufunsa|Rufunsa
|"E Payment
systems"|LA|GRZ|120,000.00|12,521.61|13,273.73|14,376.61|"15,175.6
6"|131|175,347.62||Rufunsa Town Council|Lusaka Province|Rufunsa|Rufunsa
"Programme
Total"||||689,940.00|"2,393,126.6
9"|351,539.59|273,155.58|"212,459.
30"|131|"3,920,221.1
7"||Rufunsa Town Council|Lusaka Province|Rufunsa|Rufunsa
Objective|To Improve Postal and Radio Services by 2034||||||||131|||Rufunsa Town Council|Lusaka Province|Rufunsa|Rufunsa
Strategy|construction postal and radio service infrastructure||||||||131|||Rufunsa Town Council|Lusaka Province|Rufunsa|Rufunsa
Programme|Activities|Implementi|Sourc|Cost per year|||||131|Total||Rufunsa Town Council|Lusaka Province|Rufunsa|Rufunsa
|||e of|Year 1|Year 2|Year 3|Year 4|Year 5|131|||Rufunsa Town Council|Lusaka Province|Rufunsa|Rufunsa
||ng agency|||||||131|||Rufunsa Town Council|Lusaka Province|Rufunsa|Rufunsa
|||fund||||||131|||Rufunsa Town Council|Lusaka Province|Rufunsa|Rufunsa
|||||||||131|||Rufunsa Town Council|Lusaka Province|Rufunsa|Rufunsa
|"Completion
of Rufunsa
Post Office"|MIHUD|GRZ|0|0|2,654,747|0|0|132|"2,654,746.6
0"||Rufunsa Town Council|Lusaka Province|Rufunsa|Rufunsa
"Programme
Total"||||0|0|"2986589.9
23"|0|0|132|"2,986,589.9
2"||Rufunsa Town Council|Lusaka Province|Rufunsa|Rufunsa
Objective|To enhance public order and safety by 2034||||||||132|||Rufunsa Town Council|Lusaka Province|Rufunsa|Rufunsa
Strategy|Enhance public safety and order infrastructure and services||||||||132|||Rufunsa Town Council|Lusaka Province|Rufunsa|Rufunsa
Programme|Activities|Implementi|Sourc|Cost per year|||||132|Total||Rufunsa Town Council|Lusaka Province|Rufunsa|Rufunsa
|||e of|Year 1|Year 2|Year 3|Year 4|Year 5|132|||Rufunsa Town Council|Lusaka Province|Rufunsa|Rufunsa
||ng agency|||||||132|||Rufunsa Town Council|Lusaka Province|Rufunsa|Rufunsa
|||fund||||||132|||Rufunsa Town Council|Lusaka Province|Rufunsa|Rufunsa
|||||||||132|||Rufunsa Town Council|Lusaka Province|Rufunsa|Rufunsa
"Infrastructur
e
Developmen
t"|"Construction
of Fire
station"|"LA,
MLGRD"|GRZ|0|0|0|2,659,673|0|132|"2,659,672.7
6"||Rufunsa Town Council|Lusaka Province|Rufunsa|Rufunsa
|"Construction
of police
posts/
stations"|LA,|GRZ|569,250|0|625,605.75|0|0|132|"1,194,855.7
5"||Rufunsa Town Council|Lusaka Province|Rufunsa|Rufunsa
|"Completion
of Police
Station, 2 No.
Medium
Houses, 8
No. Low
Cost Houses"|MIHUD|GRZ|0|15,652|0|0|0|132|15,652.01||Rufunsa Town Council|Lusaka Province|Rufunsa|Rufunsa
"Police and
Fire service
equipment"|"Procurement
of fire service
equipment"|"LA,
MLGRD"|GRZ|||2,123,797|||132|"2,123,797.2
8"||Rufunsa Town Council|Lusaka Province|Rufunsa|Rufunsa
"Programme
Total"||||569250|15652.0125|"2749403.0
28"|"2659672.7
59"|0|133|"6,993,977.8
0"||Rufunsa Town Council|Lusaka Province|Rufunsa|Rufunsa
Objective|To provide District Adminstration infrastructure to support governce systems by 2034||||||||133|||Rufunsa Town Council|Lusaka Province|Rufunsa|Rufunsa
Strategy|Completion of on-going government infrastructure||||||||133|||Rufunsa Town Council|Lusaka Province|Rufunsa|Rufunsa
||Implementi|Sourc|Cost per year|||||133|Total||Rufunsa Town Council|Lusaka Province|Rufunsa|Rufunsa
Programme|Activities||e of|Year 1|Year 2|Year 3|Year 4|Year 5|133|||Rufunsa Town Council|Lusaka Province|Rufunsa|Rufunsa
||ng agency|||||||133|||Rufunsa Town Council|Lusaka Province|Rufunsa|Rufunsa
|||fund||||||133|||Rufunsa Town Council|Lusaka Province|Rufunsa|Rufunsa
|||||||||133|||Rufunsa Town Council|Lusaka Province|Rufunsa|Rufunsa
"Infrastructur
e
Developmen
t"|"Completion
of District
Admin Block"|MIHUD|GRZ|0|4,382,564|0|0|0|133|"4,382,563.5
0"||Rufunsa Town Council|Lusaka Province|Rufunsa|Rufunsa
|"Completion
of Council
Admin Block
& 2 High
Cost Houses
& External
Works"|MIHUD|GRZ|0|5,759,941|0|0|0|133|"5,759,940.6
0"||Rufunsa Town Council|Lusaka Province|Rufunsa|Rufunsa
|"Completion
of 20 No.
Low Cost
Houses &
Associated
External
Works"|MIHUD|GRZ|0|7,512,966|0|0|0|133|"7,512,966.0
0"||Rufunsa Town Council|Lusaka Province|Rufunsa|Rufunsa
"Programme
Total"||||0|17655470.1|0|0|0|133|"17,655,470.
10"||Rufunsa Town Council|Lusaka Province|Rufunsa|Rufunsa
S/|Goals||||||Total||134|||Rufunsa Town Council|Lusaka Province|Rufunsa|Rufunsa
N||Year 1|Year 2|Year 3|Year 4|Year 5|||134|||Rufunsa Town Council|Lusaka Province|Rufunsa|Rufunsa
|||||||||134|||Rufunsa Town Council|Lusaka Province|Rufunsa|Rufunsa
|||||||||134|||Rufunsa Town Council|Lusaka Province|Rufunsa|Rufunsa
1|To transform the|"95,250,016.4
0"|"16,443,835.3
4"|"32,667,953.0
9"|"166,843,067.1
3"|173,462,106.66|"484,666,978.6
2"||134|||Rufunsa Town Council|Lusaka Province|Rufunsa|Rufunsa
|Local Economy of||||||||134|||Rufunsa Town Council|Lusaka Province|Rufunsa|Rufunsa
|Rufunsa and Create||||||||134|||Rufunsa Town Council|Lusaka Province|Rufunsa|Rufunsa
|Jobs||||||||134|||Rufunsa Town Council|Lusaka Province|Rufunsa|Rufunsa
2|To enhance human|"41,525,625.3
8"|"42,534,490.9
9"|"67,826,517.1
0"|47,268,558.80|78,149,656.01|"277,304,848.2
8"||134|||Rufunsa Town Council|Lusaka Province|Rufunsa|Rufunsa
|and social||||||||134|||Rufunsa Town Council|Lusaka Province|Rufunsa|Rufunsa
|development||||||||134|||Rufunsa Town Council|Lusaka Province|Rufunsa|Rufunsa
3|To Enhance|911,024.59|3,408,765.70|1,345,377.58|1,355,937.64|4,381,943.15|11,403,048.66||134|||Rufunsa Town Council|Lusaka Province|Rufunsa|Rufunsa
|Environmental||||||||134|||Rufunsa Town Council|Lusaka Province|Rufunsa|Rufunsa
|Sustainability||||||||134|||Rufunsa Town Council|Lusaka Province|Rufunsa|Rufunsa
4|To enhance a good|1,670,343.50|"21,100,524.7
2"|7,205,964.01|3,425,356.60|732,362.40|34,134,551.23||134|||Rufunsa Town Council|Lusaka Province|Rufunsa|Rufunsa
|Governance||||||||134|||Rufunsa Town Council|Lusaka Province|Rufunsa|Rufunsa
|Environment||||||||134|||Rufunsa Town Council|Lusaka Province|Rufunsa|Rufunsa
|Grand Totals|"139,357,009.
87"|"83,487,616.7
5"|"109,045,811.
78"|"218,892,920.1
7"|256,726,068.22|"807,509,426.7
9"||134|||Rufunsa Town Council|Lusaka Province|Rufunsa|Rufunsa
|||||||||134|||Rufunsa Town Council|Lusaka Province|Rufunsa|Rufunsa
"Key Considerations for
Spatial Analysis"|"Key Considerations For A
Spatial Development
Strategy"|"Issues To Be Considered In
Aligning Spatial Strategy With
IDP Objectives, Strategies and
Projects"|||||||141|||Rufunsa Town Council|Lusaka Province|Rufunsa|Rufunsa
To provide effective sustainable municipal service delivery|||||||||141|||Rufunsa Town Council|Lusaka Province|Rufunsa|Rufunsa
"Identify areas which are
not receiving municipal
services"|"Mapping out areas and service
that are being offered."|Considering the quality of services.|||||||141|||Rufunsa Town Council|Lusaka Province|Rufunsa|Rufunsa
Improved telecommunication and postal services|||||||||141|||Rufunsa Town Council|Lusaka Province|Rufunsa|Rufunsa
"Mapping current
communication towers and
their mobile coverage"|"Identifying areas without
mobile coverage"|"Areas that are highly populated but
without mobile coverage"|||||||141|||Rufunsa Town Council|Lusaka Province|Rufunsa|Rufunsa
To improve delivery of quality educational services|||||||||141|||Rufunsa Town Council|Lusaka Province|Rufunsa|Rufunsa
"Mapping out current
schools in the district"|"Identify areas in need of
schools"|"Considering factors that can
improve the quality of service i.e.
population, distance to nearest
school, Infrastructure, staffing"|||||||141|||Rufunsa Town Council|Lusaka Province|Rufunsa|Rufunsa
"To improve the health status of people in Zambia in order to contribute to increased
productivity and socio-economic development"|||||||||141|||Rufunsa Town Council|Lusaka Province|Rufunsa|Rufunsa
|.||||||||142|||Rufunsa Town Council|Lusaka Province|Rufunsa|Rufunsa
"To improve availability and accessibility to clean and safe water supply and sanitation for
all."|||||||||142|||Rufunsa Town Council|Lusaka Province|Rufunsa|Rufunsa
"Identify areas that do not
have access to clean and
safe water."|"Monitoring people accessing
water points"|"Maintenance of existing water
supply points one installed."|||||||142|||Rufunsa Town Council|Lusaka Province|Rufunsa|Rufunsa
To alleviate poverty and reduce unemployment in the district.|||||||||142|||Rufunsa Town Council|Lusaka Province|Rufunsa|Rufunsa
"Mapping poverty stricken
areas.
Identifying areas that
require urgent attention."|"Monitoring of poverty trends
in the various areas within the
district."|Identify alternative livelihoods|||||||142|||Rufunsa Town Council|Lusaka Province|Rufunsa|Rufunsa
Local economic development|||||||||142|||Rufunsa Town Council|Lusaka Province|Rufunsa|Rufunsa
"Mapping out areas with
potential type of resources
available."|"Quantity and quality of
resources"|Assessment of Potential Impacts.|||||||142|||Rufunsa Town Council|Lusaka Province|Rufunsa|Rufunsa
A financially viable and sustainable municipality.|||||||||142|||Rufunsa Town Council|Lusaka Province|Rufunsa|Rufunsa
"Identifying Potential
Revenue Site Sources."|"Mapping Out Potential
Revenue Sites."|"Assessment of Revenue to be
Realised."|||||||142|||Rufunsa Town Council|Lusaka Province|Rufunsa|Rufunsa
A sustainable health and living environment|||||||||142|||Rufunsa Town Council|Lusaka Province|Rufunsa|Rufunsa
"Identification and mapping
out areas with inadequate
health facilities."|"Mapp out proposed sites to
designate health facilities."|"Consider improving the
operationalization of Health
Facilities."|||||||142|||Rufunsa Town Council|Lusaka Province|Rufunsa|Rufunsa
REVENUE|2019|||2020|||2021||145|||Rufunsa Town Council|Lusaka Province|Rufunsa|Rufunsa
ITEM|"BUDGETE
D"|"ACTUA
L"|%|"BUDGET
ED"|"ACTUA
L"|%|"BUDGE
TED"|"ACTU
AL"|145|%||Rufunsa Town Council|Lusaka Province|Rufunsa|Rufunsa
"LOCAL
TAXES"|23,010|20,435|89|22,500|22,633|"10
1"|26,634|23,766|145|89||Rufunsa Town Council|Lusaka Province|Rufunsa|Rufunsa
"FEES &
CHARGE
S"|808,303|287,345|36|853,460|888,031|"10
4"|5,673,254|"2,023,1
45"|145|36||Rufunsa Town Council|Lusaka Province|Rufunsa|Rufunsa
"LICENCE
S"|115,569|42,094|36|135,242|77,202|57|310,622|59,339|145|19||Rufunsa Town Council|Lusaka Province|Rufunsa|Rufunsa
LEVIES|378,783|490,090|"12
9"|319,221|322,519|"10
1"|508,600|268,985|145|53||Rufunsa Town Council|Lusaka Province|Rufunsa|Rufunsa
PERMITS|43,896|16,548|38|36,754|29,946|81|69,361|91,858|145|132||Rufunsa Town Council|Lusaka Province|Rufunsa|Rufunsa
"NATIONA
L
SUPPORT"|6,797,893|6,733.34|99|8,083,393|"7,186,78
6"|89|7,900,000|"6,120,5
21"|145|78||Rufunsa Town Council|Lusaka Province|Rufunsa|Rufunsa
CDF|1,400,000|0|0|"1,600,000.
00"|"1,600,00
0.00"|"10
0"|"1,600,000
.00"|"1,600,0
00.00"|145|100||Rufunsa Town Council|Lusaka Province|Rufunsa|Rufunsa
|||||||||145|||Rufunsa Town Council|Lusaka Province|Rufunsa|Rufunsa
|"9,567,454.0
0"|"863,245.
34"||"11,050,57
0.00"|"10,127,1
17.00"||"16,088,47
1.00"|"10,187,
614.00"|145|||Rufunsa Town Council|Lusaka Province|Rufunsa|Rufunsa
REVENUE PROJECTION FOR THE NEXT 5 YEARS|||||||||149|||Rufunsa Town Council|Lusaka Province|Rufunsa|Rufunsa
|||||||||149|||Rufunsa Town Council|Lusaka Province|Rufunsa|Rufunsa
YEARS|2022|2023|2024|2025|2026|TOTAL|||149|||Rufunsa Town Council|Lusaka Province|Rufunsa|Rufunsa
|||||||||149|||Rufunsa Town Council|Lusaka Province|Rufunsa|Rufunsa
Locally Generated Revenue|7,522,661|5,792,574|6,371,831|7,009,015|7,709,916|34,405,997|||149|||Rufunsa Town Council|Lusaka Province|Rufunsa|Rufunsa
"Constituency Development
Fund"|25,700,000|28,300,000|28,300,000|28,300,000|28,300,000|"138,900,00
0"|||149|||Rufunsa Town Council|Lusaka Province|Rufunsa|Rufunsa
Capital (20% of LGEF)|"2,055,625.8
2"|"2,055,625.8
2"|"2,055,625.8
2"|"2,055,625.8
2"|"2,055,625.8
2"|10,278,129|||149|||Rufunsa Town Council|Lusaka Province|Rufunsa|Rufunsa
TOTAL|35,278,287|36,148,200|36,727,457|37,364,641|38,065,542|183,584,12|||149|||Rufunsa Town Council|Lusaka Province|Rufunsa|Rufunsa
||||||6|||149|||Rufunsa Town Council|Lusaka Province|Rufunsa|Rufunsa
|||||||||149|||Rufunsa Town Council|Lusaka Province|Rufunsa|Rufunsa
|2022|2023|2024|2025|2026|Total|||149|||Rufunsa Town Council|Lusaka Province|Rufunsa|Rufunsa
|||||||||149|||Rufunsa Town Council|Lusaka Province|Rufunsa|Rufunsa
Local Taxes|15,000.00|34,185|37,604|41,364|45,500|173,653|||149|||Rufunsa Town Council|Lusaka Province|Rufunsa|Rufunsa
Fees and Charges|1,943,099.00|1,248,304.00|1,373,134|1,510,448|1,661,493|7,736,478|||149|||Rufunsa Town Council|Lusaka Province|Rufunsa|Rufunsa
Licences|68,534.00|73,100.00|80,410|88,451|97,296|407,791|||149|||Rufunsa Town Council|Lusaka Province|Rufunsa|Rufunsa
Levies|178,293.00|184,525.00|202,978|223,275|245,603|1,034,674|||149|||Rufunsa Town Council|Lusaka Province|Rufunsa|Rufunsa
Permits|63,735.00|177,460.00|195,206|214,727|236,199|887,327|||149|||Rufunsa Town Council|Lusaka Province|Rufunsa|Rufunsa
Charges|5,254,000.00|4,075,000.00|4,482,500|4,930,750|5,423,825|24,166,075|||149|||Rufunsa Town Council|Lusaka Province|Rufunsa|Rufunsa
TOTAL|7,522,661|5,792,574|6,371,831|7,009,015|7,709,916|34,405,997|||149|||Rufunsa Town Council|Lusaka Province|Rufunsa|Rufunsa
YEARS|202|202|2024|2025|2026|TOTA|||150|||Rufunsa Town Council|Lusaka Province|Rufunsa|Rufunsa
|2|3||||L|||150|||Rufunsa Town Council|Lusaka Province|Rufunsa|Rufunsa
|||||||||150|||Rufunsa Town Council|Lusaka Province|Rufunsa|Rufunsa
CDF|"25,700,0
00"|"28,300,0
00"|"28,300,
000"|"28,300,0
00"|28,300,000|"138,900,00
0.00"|||150|||Rufunsa Town Council|Lusaka Province|Rufunsa|Rufunsa
TOTAL|25,700,0|28,300,0|28,300,|28,300,0|28,300,000|138,900,00|||150|||Rufunsa Town Council|Lusaka Province|Rufunsa|Rufunsa
|00|00|000|00||0.00|||150|||Rufunsa Town Council|Lusaka Province|Rufunsa|Rufunsa
|||||||||150|||Rufunsa Town Council|Lusaka Province|Rufunsa|Rufunsa
|||||||||150|||Rufunsa Town Council|Lusaka Province|Rufunsa|Rufunsa
YEARS|2022|2023|2024|2025|2026|TOTAL|||150|||Rufunsa Town Council|Lusaka Province|Rufunsa|Rufunsa
"Capital
Component
(Annual)"|"2,055,625.
82"|"2,055,625.
82"|"2,055,625
.82"|"2,055,625
.82"|"2,055,625.
82"|"10,278,12
9.00"|||150|||Rufunsa Town Council|Lusaka Province|Rufunsa|Rufunsa
|2,055,625.|2,055,625.|2,055,625|2,055,625|2,055,625.|10,278,12|||150|||Rufunsa Town Council|Lusaka Province|Rufunsa|Rufunsa
||82|.82|.82|82|9.00|||150|||Rufunsa Town Council|Lusaka Province|Rufunsa|Rufunsa
|82||||||||150|||Rufunsa Town Council|Lusaka Province|Rufunsa|Rufunsa
TOTAL|||||||||150|||Rufunsa Town Council|Lusaka Province|Rufunsa|Rufunsa
|||||||||150|||Rufunsa Town Council|Lusaka Province|Rufunsa|Rufunsa
|Implementing|Estimated Income per year|||||||150|||Rufunsa Town Council|Lusaka Province|Rufunsa|Rufunsa
Programme|||||||||150|||Rufunsa Town Council|Lusaka Province|Rufunsa|Rufunsa
|Agency|2023|2024|2025|2026|2027|Total||150|||Rufunsa Town Council|Lusaka Province|Rufunsa|Rufunsa
|||||||||150|||Rufunsa Town Council|Lusaka Province|Rufunsa|Rufunsa
"Construction of truck
park in Bay"|LA|-|396,000|435,600|479,160|527,076|||150|||Rufunsa Town Council|Lusaka Province|Rufunsa|Rufunsa
|||||||1,837,836||150|||Rufunsa Town Council|Lusaka Province|Rufunsa|Rufunsa
"Construction of an
Engineering Depot"|LA|-|132,000|145,200|159,720|175,692|||150|||Rufunsa Town Council|Lusaka Province|Rufunsa|Rufunsa
|||||||612,612||150|||Rufunsa Town Council|Lusaka Province|Rufunsa|Rufunsa
"Setting up Block
making Plant"|LA|-|264,000|290,000|319,000|351,384|||151|||Rufunsa Town Council|Lusaka Province|Rufunsa|Rufunsa
|||||||1,224,384||151|||Rufunsa Town Council|Lusaka Province|Rufunsa|Rufunsa
"Setting up of a metal
fabrication workshop"|LA|-||145,200|159,720|175,692|||151|||Rufunsa Town Council|Lusaka Province|Rufunsa|Rufunsa
|||||||480,612||151|||Rufunsa Town Council|Lusaka Province|Rufunsa|Rufunsa
"Construction of an
events hall"|LA|-|-|||351,384|||151|||Rufunsa Town Council|Lusaka Province|Rufunsa|Rufunsa
|||||||351,384||151|||Rufunsa Town Council|Lusaka Province|Rufunsa|Rufunsa
"Rehabilitation &
Construction of Lodges"|LA|-|110,000|121,000|133,000|146,410|||151|||Rufunsa Town Council|Lusaka Province|Rufunsa|Rufunsa
|||||||369,600||151|||Rufunsa Town Council|Lusaka Province|Rufunsa|Rufunsa
"Construction of 9
Housing Units"|LA|-|52,800|79,200|105,600|132,000|||151|||Rufunsa Town Council|Lusaka Province|Rufunsa|Rufunsa
|||||||393,600||151|||Rufunsa Town Council|Lusaka Province|Rufunsa|Rufunsa
"Construction of Barrier
gates"|"Increase levies
from pickets by
20%"|64,444|70,889|77,978|85,775|94,353|||151|||Rufunsa Town Council|Lusaka Province|Rufunsa|Rufunsa
|||||||||151|||Rufunsa Town Council|Lusaka Province|Rufunsa|Rufunsa
|||||||393,439||151|||Rufunsa Town Council|Lusaka Province|Rufunsa|Rufunsa
"Acquisition of revenue
collection vehicle"|"Increase
revenue by
30%"|35,082|38,591|42,450|46,495|51,364|||151|||Rufunsa Town Council|Lusaka Province|Rufunsa|Rufunsa
|||||||213,982||151|||Rufunsa Town Council|Lusaka Province|Rufunsa|Rufunsa
TOTALS|||||||||151|||Rufunsa Town Council|Lusaka Province|Rufunsa|Rufunsa
||99,526|1,064,280|1,336,628|1,488,470|2,005,355|5,994,259||151|||Rufunsa Town Council|Lusaka Province|Rufunsa|Rufunsa
REVENUE PROJECTION FOR THE NEXT 5 YEARS|||||||||151|||Rufunsa Town Council|Lusaka Province|Rufunsa|Rufunsa
|||||||||151|||Rufunsa Town Council|Lusaka Province|Rufunsa|Rufunsa
YEARS|2022|2023|2024|2025|2026|TOTAL|||151|||Rufunsa Town Council|Lusaka Province|Rufunsa|Rufunsa
|||||||||151|||Rufunsa Town Council|Lusaka Province|Rufunsa|Rufunsa
Locally Generated Revenue|7,522,661|5,792,574|6,371,831|7,009,015|7,709,916|34,405,997|||151|||Rufunsa Town Council|Lusaka Province|Rufunsa|Rufunsa
Constituency Development Fund|25,700,000|28,300,000|28,300,000|28,300,000|28,300,000|138,900,000|||151|||Rufunsa Town Council|Lusaka Province|Rufunsa|Rufunsa
Capital (20% of LGEF)|2,055,625.82|2,055,625.82|2,055,625.82|2,055,625.82|2,055,625.82|10,278,129|||151|||Rufunsa Town Council|Lusaka Province|Rufunsa|Rufunsa
RIDP Projects (Revenue)|0|99,526.00|1,064,280.00|1,336,628.00|1,488,470.00|3,988,904|||151|||Rufunsa Town Council|Lusaka Province|Rufunsa|Rufunsa
TOTAL|35,278,287|36,247,726|37,791,737|38,701,269|39,554,012|187,573,030|||151|||Rufunsa Town Council|Lusaka Province|Rufunsa|Rufunsa
|||||||||151|||Rufunsa Town Council|Lusaka Province|Rufunsa|Rufunsa
Objective|Farmer Support Programme by 2034||||||||154|||Rufunsa Town Council|Lusaka Province|Rufunsa|Rufunsa
|||||||||154|||Rufunsa Town Council|Lusaka Province|Rufunsa|Rufunsa
Strategy|promote diversification within the agriculture sector||||||||154|||Rufunsa Town Council|Lusaka Province|Rufunsa|Rufunsa
Programme|Infrastructure Development||||||||154|||Rufunsa Town Council|Lusaka Province|Rufunsa|Rufunsa
Activities|Location|Target|Target|Target|Target|Target|Output|Source of|154|Frequen|Responsibl|Rufunsa Town Council|Lusaka Province|Rufunsa|Rufunsa
|(by|Year 1|Year 2|Year 3|Year 4|Year 5|Indicator|Informati|154|cy|e Agency/|Rufunsa Town Council|Lusaka Province|Rufunsa|Rufunsa
|priority)|||||||on|154||Officer|Rufunsa Town Council|Lusaka Province|Rufunsa|Rufunsa
|||||||||154|||Rufunsa Town Council|Lusaka Province|Rufunsa|Rufunsa
Setting up of|"Nyamphand
e, Munyeta,
Chakwenga,
Chinzete,
Mwambashi"|1|1|1|1|1|"Number of
service
centers
constructed"|"Project
Reports"|154|"Quarterl
y"|DFLCO|Rufunsa Town Council|Lusaka Province|Rufunsa|Rufunsa
livestock and|||||||||154|||Rufunsa Town Council|Lusaka Province|Rufunsa|Rufunsa
fisheries service|||||||||154|||Rufunsa Town Council|Lusaka Province|Rufunsa|Rufunsa
centers|||||||||154|||Rufunsa Town Council|Lusaka Province|Rufunsa|Rufunsa
|||||||||154|||Rufunsa Town Council|Lusaka Province|Rufunsa|Rufunsa
Setting up of|"Chinyunyu,
Mwachilele,
Namanongo"||1|1||1|"Number of
Breeding
centers
constructed"|"Project
Reports"|154|"Quarterl
y"|DFLCO|Rufunsa Town Council|Lusaka Province|Rufunsa|Rufunsa
breeding centers|||||||||154|||Rufunsa Town Council|Lusaka Province|Rufunsa|Rufunsa
Setting up of|"Lukwipa
and
Kanyongolo
ka"||1||1||"Number of
Fish
Hatcharies
Established"|"Project
Reports"|154|"Quarterl
y"|DFLCO|Rufunsa Town Council|Lusaka Province|Rufunsa|Rufunsa
fish hatcheries|||||||||154|||Rufunsa Town Council|Lusaka Province|Rufunsa|Rufunsa
Setup irrigation|"Mwachilele,
Chamulimb
a, Munyeta
Shikabeta"|4|1|3|1|1|"Number of
irrigation
facilities
constructed"|"Project
Reports"|154|"Quarterl
y"|"MLG,
DWRD and
MOA"|Rufunsa Town Council|Lusaka Province|Rufunsa|Rufunsa
facilities (dams,|||||||||154|||Rufunsa Town Council|Lusaka Province|Rufunsa|Rufunsa
weirs,|||||||||154|||Rufunsa Town Council|Lusaka Province|Rufunsa|Rufunsa
boreholes) in|||||||||154|||Rufunsa Town Council|Lusaka Province|Rufunsa|Rufunsa
BundaBunda|||||||||154|||Rufunsa Town Council|Lusaka Province|Rufunsa|Rufunsa
|||||||||155|||Rufunsa Town Council|Lusaka Province|Rufunsa|Rufunsa
Setting up and|"Nyamphand
e,
kanyongolo
ka, Munyeta
and
Lukwipa"||1|1|1|1|"Number of
Aqua cultural
parks
constructed"|"Project
Reports"|155|"Quarterl
y"|MFL|Rufunsa Town Council|Lusaka Province|Rufunsa|Rufunsa
development of|||||||||155|||Rufunsa Town Council|Lusaka Province|Rufunsa|Rufunsa
aqua cultural|||||||||155|||Rufunsa Town Council|Lusaka Province|Rufunsa|Rufunsa
parks|||||||||155|||Rufunsa Town Council|Lusaka Province|Rufunsa|Rufunsa
Construction of|"Rufunsa,
Mpanshya,
Sinjela,
Kabuyu,
Munyeta,
Namanongo
,
Kanyongolo
ka"||2|2|2|2|"Number of
Dip tanks
Constructed"|"Project
Reports"|155|"Quarterl
y"|MFL|Rufunsa Town Council|Lusaka Province|Rufunsa|Rufunsa
Dip Tanks|||||||||155|||Rufunsa Town Council|Lusaka Province|Rufunsa|Rufunsa
Rehabilitation of|"Sinjela,
Chinyunyu,
Nyangwena"|1|1|1|||"Number of
Dip tanks
Rehabilitated"|"Project
Reports"|155|"Quarterl
y"|MFL|Rufunsa Town Council|Lusaka Province|Rufunsa|Rufunsa
Construction of|Rufunsa||1||||"Presence of
office block"|"Project
Reports"|155|Monthly|MFL/MOA|Rufunsa Town Council|Lusaka Province|Rufunsa|Rufunsa
office block|||||||||155|||Rufunsa Town Council|Lusaka Province|Rufunsa|Rufunsa
Construction of|"Mpanshya,
Rufunsa,
Ndubulula,
Namanongo"||1|1|1|1|"Number of
staff houses
constructed"|"Project
Reports"|155|Monthly|MFL/MOA|Rufunsa Town Council|Lusaka Province|Rufunsa|Rufunsa
Staff Houses|||||||||155|||Rufunsa Town Council|Lusaka Province|Rufunsa|Rufunsa
Rehabilition of|||||||||156|||Rufunsa Town Council|Lusaka Province|Rufunsa|Rufunsa
Staff Houses|||||||||156|||Rufunsa Town Council|Lusaka Province|Rufunsa|Rufunsa
|||||||||156|||Rufunsa Town Council|Lusaka Province|Rufunsa|Rufunsa
Programme|Livestock Re-Stocking||||||||156|||Rufunsa Town Council|Lusaka Province|Rufunsa|Rufunsa
|||||||||156|||Rufunsa Town Council|Lusaka Province|Rufunsa|Rufunsa
Livestock Pass-|"Rufunsa
District"|240|240|240|240|240|"Number of
Livestock
passed on"|"Departme
ntal report"|156|"Quarterl
y"|"Scrala and
World
Vision"|Rufunsa Town Council|Lusaka Province|Rufunsa|Rufunsa
on Development|||||||||156|||Rufunsa Town Council|Lusaka Province|Rufunsa|Rufunsa
Programme|Extension services||||||||156|||Rufunsa Town Council|Lusaka Province|Rufunsa|Rufunsa
Farmer trainings|"5 camps
(Mpanshya,
Rufunsa,
Chinyunyu,
Nangwena
and Sinjela"|1,800|2250|2800|3500|4,300|"Number of
farmers
Trained"|"Departme
ntal report"|156|"Quarterl
y"|DFLCO|Rufunsa Town Council|Lusaka Province|Rufunsa|Rufunsa
Programme|Crop Diversification promotion||||||||156|||Rufunsa Town Council|Lusaka Province|Rufunsa|Rufunsa
Farmer|"Agricultural
Camps"|1800|1800|1800|1800|1800|"Number of
farmers
registered"|"Registrati
on forms"|156|Annually|DACO|Rufunsa Town Council|Lusaka Province|Rufunsa|Rufunsa
Registration|||||||||156|||Rufunsa Town Council|Lusaka Province|Rufunsa|Rufunsa
Promotion of|"Agricultural
Camps"|26,000|26,000|26,000|26,000|26,000|"Number of
framers
reached"|"Activity
report"|156|"Bi-
annual"|DACO|Rufunsa Town Council|Lusaka Province|Rufunsa|Rufunsa
Crop|||||||||156|||Rufunsa Town Council|Lusaka Province|Rufunsa|Rufunsa
Diversification|||||||||156|||Rufunsa Town Council|Lusaka Province|Rufunsa|Rufunsa
and yield|||||||||156|||Rufunsa Town Council|Lusaka Province|Rufunsa|Rufunsa
improvement|||||||||156|||Rufunsa Town Council|Lusaka Province|Rufunsa|Rufunsa
Promotion of|"Agricultural
Camps"|4080|4080|4080|4080|4080|"Number of
framers
reached"|"Activity
report"|156|Annually|"DACO
Partners"|Rufunsa Town Council|Lusaka Province|Rufunsa|Rufunsa
Conservation|||||||||156|||Rufunsa Town Council|Lusaka Province|Rufunsa|Rufunsa
Agriculture|||||||||156|||Rufunsa Town Council|Lusaka Province|Rufunsa|Rufunsa
Promotion of|||||||||157|||Rufunsa Town Council|Lusaka Province|Rufunsa|Rufunsa
farm|||||||||157|||Rufunsa Town Council|Lusaka Province|Rufunsa|Rufunsa
Management|||||||||157|||Rufunsa Town Council|Lusaka Province|Rufunsa|Rufunsa
Skills|||||||||157|||Rufunsa Town Council|Lusaka Province|Rufunsa|Rufunsa
|||||||||157|||Rufunsa Town Council|Lusaka Province|Rufunsa|Rufunsa
Nutritional|"Agricultural
Camps"|510|510|510|510|510|"Number of
framers
reached"|"Activity
report"|157|Annually|"DACO
Partners"|Rufunsa Town Council|Lusaka Province|Rufunsa|Rufunsa
Education|||||||||157|||Rufunsa Town Council|Lusaka Province|Rufunsa|Rufunsa
Extension|"Agricultural
Camps"|19|20|21|22|23|"Number of
framers
trained"|"Activity
report"|157|Annually|DACO|Rufunsa Town Council|Lusaka Province|Rufunsa|Rufunsa
Methodology -|||||||||157|||Rufunsa Town Council|Lusaka Province|Rufunsa|Rufunsa
Trainings|||||||||157|||Rufunsa Town Council|Lusaka Province|Rufunsa|Rufunsa
Extension|"Agricultural
Camps"|1,020|1,020|1,020|1,020|1,020|"Number of
framers
trained"|"Activity
report"|157|Annually|DACO|Rufunsa Town Council|Lusaka Province|Rufunsa|Rufunsa
Farner field|||||||||157|||Rufunsa Town Council|Lusaka Province|Rufunsa|Rufunsa
schools|||||||||157|||Rufunsa Town Council|Lusaka Province|Rufunsa|Rufunsa
Programme|Farmer facilitation||||||||157|||Rufunsa Town Council|Lusaka Province|Rufunsa|Rufunsa
|||||||||157|||Rufunsa Town Council|Lusaka Province|Rufunsa|Rufunsa
Farmer|"Agricultural
Camps"|12142|13142|14142|15142|16142|"Number of
farmers
reached"|"Activity
Report"|157|Annually|DACO|Rufunsa Town Council|Lusaka Province|Rufunsa|Rufunsa
facilitation to|||||||||157|||Rufunsa Town Council|Lusaka Province|Rufunsa|Rufunsa
camp and block|||||||||157|||Rufunsa Town Council|Lusaka Province|Rufunsa|Rufunsa
operation|||||||||157|||Rufunsa Town Council|Lusaka Province|Rufunsa|Rufunsa
Programme|Sensitization on access to agricultural , information and Services NAIS||||||||157|||Rufunsa Town Council|Lusaka Province|Rufunsa|Rufunsa
Agricultural||5|4|5|4|4|"Number of
progrmmes
aired"|"Activity
Report"|157|"Quarterl
y"|"DACO
Partners"|Rufunsa Town Council|Lusaka Province|Rufunsa|Rufunsa
News and|||||||||157|||Rufunsa Town Council|Lusaka Province|Rufunsa|Rufunsa
Literature|||||||||157|||Rufunsa Town Council|Lusaka Province|Rufunsa|Rufunsa
Production/|||||||||157|||Rufunsa Town Council|Lusaka Province|Rufunsa|Rufunsa
Radio Farm|||||||||157|||Rufunsa Town Council|Lusaka Province|Rufunsa|Rufunsa
Forum|||||||||157|||Rufunsa Town Council|Lusaka Province|Rufunsa|Rufunsa
Provincial and|||||||||158|||Rufunsa Town Council|Lusaka Province|Rufunsa|Rufunsa
District shows|||||||||158|||Rufunsa Town Council|Lusaka Province|Rufunsa|Rufunsa
|||||||||158|||Rufunsa Town Council|Lusaka Province|Rufunsa|Rufunsa
Agriculture|"Agricultural
Camps"|5|4|5|4|4|"Number of
news articles
published"|"Activity
Report"|158|"Quarterl
y"|DACO|Rufunsa Town Council|Lusaka Province|Rufunsa|Rufunsa
Information|||||||||158|||Rufunsa Town Council|Lusaka Province|Rufunsa|Rufunsa
collection and|||||||||158|||Rufunsa Town Council|Lusaka Province|Rufunsa|Rufunsa
Dissemination|||||||||158|||Rufunsa Town Council|Lusaka Province|Rufunsa|Rufunsa
of news|||||||||158|||Rufunsa Town Council|Lusaka Province|Rufunsa|Rufunsa
Programme|Promotion of Agricultural Mechanization and ADP technologies.||||||||158|||Rufunsa Town Council|Lusaka Province|Rufunsa|Rufunsa
|||||||||158|||Rufunsa Town Council|Lusaka Province|Rufunsa|Rufunsa
Promotion of|"Agricultural
Camps"||1000|1050|1100|1150|"Number of
farmers
reached"|"Activity
Report"|158|"Quarterl
y"|DACO|Rufunsa Town Council|Lusaka Province|Rufunsa|Rufunsa
Agricultural|||||||||158|||Rufunsa Town Council|Lusaka Province|Rufunsa|Rufunsa
Mechanization|||||||||158|||Rufunsa Town Council|Lusaka Province|Rufunsa|Rufunsa
and ADP|||||||||158|||Rufunsa Town Council|Lusaka Province|Rufunsa|Rufunsa
technologies.|||||||||158|||Rufunsa Town Council|Lusaka Province|Rufunsa|Rufunsa
Programme|Farmer Trainings||||||||158|||Rufunsa Town Council|Lusaka Province|Rufunsa|Rufunsa
Farmer training|"Shikabeta
Camp and
Mphashya
Camp"|500|500|750|750|750|"Number of
farmers
trained"|"Activity
Report"|158|"Quarterl
y"|"DACO
Partners"|Rufunsa Town Council|Lusaka Province|Rufunsa|Rufunsa
in irrigation|||||||||158|||Rufunsa Town Council|Lusaka Province|Rufunsa|Rufunsa
Practices.|||||||||158|||Rufunsa Town Council|Lusaka Province|Rufunsa|Rufunsa
Entrepreneurshi|"12 agric
Camps"|1000|1200|1000|1000|-|"Number of
farmers
trained"|"Activity
Report"|158|"Quarterl
y"|DACO|Rufunsa Town Council|Lusaka Province|Rufunsa|Rufunsa
p Training.|||||||||158|||Rufunsa Town Council|Lusaka Province|Rufunsa|Rufunsa
Training of fish|District|800|1000|1200|1500|1500|"Number of
farmers
trained"|"Activity
Report"|158|"Quarterl
y"|"Fisheries
Department"|Rufunsa Town Council|Lusaka Province|Rufunsa|Rufunsa
farmers in ponds|||||||||158|||Rufunsa Town Council|Lusaka Province|Rufunsa|Rufunsa
construction|||||||||158|||Rufunsa Town Council|Lusaka Province|Rufunsa|Rufunsa
,management|||||||||158|||Rufunsa Town Council|Lusaka Province|Rufunsa|Rufunsa
and value|||||||||158|||Rufunsa Town Council|Lusaka Province|Rufunsa|Rufunsa
addition on fish|||||||||158|||Rufunsa Town Council|Lusaka Province|Rufunsa|Rufunsa
Training of|||||||||159|||Rufunsa Town Council|Lusaka Province|Rufunsa|Rufunsa
farmers in|||||||||159|||Rufunsa Town Council|Lusaka Province|Rufunsa|Rufunsa
protection of|||||||||159|||Rufunsa Town Council|Lusaka Province|Rufunsa|Rufunsa
water catchment|||||||||159|||Rufunsa Town Council|Lusaka Province|Rufunsa|Rufunsa
areas|||||||||159|||Rufunsa Town Council|Lusaka Province|Rufunsa|Rufunsa
|||||||||159|||Rufunsa Town Council|Lusaka Province|Rufunsa|Rufunsa
Farmer trainings|District|750|750|1500|3000|4500|"Number of
farmers
trained"|"Activity
Report"|159|"Quarterl
y"|"Livestock
Department"|Rufunsa Town Council|Lusaka Province|Rufunsa|Rufunsa
in livestock|||||||||159|||Rufunsa Town Council|Lusaka Province|Rufunsa|Rufunsa
production|||||||||159|||Rufunsa Town Council|Lusaka Province|Rufunsa|Rufunsa
Disease|District|500|750|1250|1750|1750|"Number of
farmers
trained"|"Activity
Report"|159|"Quarterl
y"|"Veterinary
Department"|Rufunsa Town Council|Lusaka Province|Rufunsa|Rufunsa
management|||||||||159|||Rufunsa Town Council|Lusaka Province|Rufunsa|Rufunsa
trainings|||||||||159|||Rufunsa Town Council|Lusaka Province|Rufunsa|Rufunsa
training of|District|800|800|1000|1500|3000|"Number of
farmers
trained"|"Activity
Report"|159|"Quarterl
y"|"MFL/MW
DSE"|Rufunsa Town Council|Lusaka Province|Rufunsa|Rufunsa
farmer managed|||||||||159|||Rufunsa Town Council|Lusaka Province|Rufunsa|Rufunsa
natural|||||||||159|||Rufunsa Town Council|Lusaka Province|Rufunsa|Rufunsa
regeneration|||||||||159|||Rufunsa Town Council|Lusaka Province|Rufunsa|Rufunsa
[FMNR]|||||||||159|||Rufunsa Town Council|Lusaka Province|Rufunsa|Rufunsa
Training farmers|District|1000|1500|2500|3500|3500|"Number of
farmers
trained"|"Activity
Report"|159|"Quarterl
y"|"Livestock
Department"|Rufunsa Town Council|Lusaka Province|Rufunsa|Rufunsa
in Marketing of|||||||||159|||Rufunsa Town Council|Lusaka Province|Rufunsa|Rufunsa
livestock|||||||||159|||Rufunsa Town Council|Lusaka Province|Rufunsa|Rufunsa
Programme|Agriculture Land Empowerment||||||||159|||Rufunsa Town Council|Lusaka Province|Rufunsa|Rufunsa
|||||||||159|||Rufunsa Town Council|Lusaka Province|Rufunsa|Rufunsa
Creation of|"Distric
t"|10,000|10,000|10,000|10,000|10,000|"Presence of
farm blocks"|"Project
Reports"|159|"Quarterl
y"|"DACO/ML
G/MOLNR"|Rufunsa Town Council|Lusaka Province|Rufunsa|Rufunsa
Rufunsa|||||||||159|||Rufunsa Town Council|Lusaka Province|Rufunsa|Rufunsa
Farming Block|||||||||159|||Rufunsa Town Council|Lusaka Province|Rufunsa|Rufunsa
Programme|Organic Farming Promotion and Natural Soil Enhancement||||||||160|||Rufunsa Town Council|Lusaka Province|Rufunsa|Rufunsa
|||||||||160|||Rufunsa Town Council|Lusaka Province|Rufunsa|Rufunsa
Trainings,|"Mwachilelel
e,
Nyangwena
and Sinjela"|1|1|1|1|1|"Number of
fares
undertaken"|"Activity
Report"|160|"Quarterl
y"|"Kasis
Agriculture
Training
Centre
(KATC)"|Rufunsa Town Council|Lusaka Province|Rufunsa|Rufunsa
Demonstration|||||||||160|||Rufunsa Town Council|Lusaka Province|Rufunsa|Rufunsa
and Food Fares|||||||||160|||Rufunsa Town Council|Lusaka Province|Rufunsa|Rufunsa
|||||||||160|||Rufunsa Town Council|Lusaka Province|Rufunsa|Rufunsa
Programme|Agriculture Insurance Access Promotion||||||||160|||Rufunsa Town Council|Lusaka Province|Rufunsa|Rufunsa
Trainings and|Rufunsa|12,142|12,142|12,142|12,142|12,142|"Number of
farmers
attended
trainings"|"Activity
Report"|160|"Quarterl
y"|DACO|Rufunsa Town Council|Lusaka Province|Rufunsa|Rufunsa
Sensitizations|||||||||160|||Rufunsa Town Council|Lusaka Province|Rufunsa|Rufunsa
Objective|Cooperative development and Promotion by 2034||||||||160|||Rufunsa Town Council|Lusaka Province|Rufunsa|Rufunsa
Strategy|promote diversification and formation of cooperatives||||||||160|||Rufunsa Town Council|Lusaka Province|Rufunsa|Rufunsa
Programme|Cooperative Enterprise Development||||||||160|||Rufunsa Town Council|Lusaka Province|Rufunsa|Rufunsa
Activities|Location|Target|Target|Target|Target|Target|Output|Source of|160|Frequen|Responsibl|Rufunsa Town Council|Lusaka Province|Rufunsa|Rufunsa
|(by|Year 1|Year 2|Year 3|Year 4|Year 5|Indicator|Informati|160|cy|e Agency/|Rufunsa Town Council|Lusaka Province|Rufunsa|Rufunsa
|priority)|||||||on|160||Officer|Rufunsa Town Council|Lusaka Province|Rufunsa|Rufunsa
|||||||||160|||Rufunsa Town Council|Lusaka Province|Rufunsa|Rufunsa
Conduct Market|Rufunsa|205|205|205|205|205|"Proportion of
framers
linked to
markets"|"Departme
ntal
Reports"|160|"Quarterl
y"|"Ministry of
Small,
Medium
Enterprise
Developme
nt
(MSMED)"|Rufunsa Town Council|Lusaka Province|Rufunsa|Rufunsa
linkages|||||||||160|||Rufunsa Town Council|Lusaka Province|Rufunsa|Rufunsa
Cooperative|Rufunsa|205|205|205|205|205|"Number of
cooperative"|"Departme
ntal
Reports"|160|"Quarterl
y"|"Ministry of
Small,
Medium
Enterprise"|Rufunsa Town Council|Lusaka Province|Rufunsa|Rufunsa
arbitration|||||||||160|||Rufunsa Town Council|Lusaka Province|Rufunsa|Rufunsa
|||||||||161|||Rufunsa Town Council|Lusaka Province|Rufunsa|Rufunsa
Cooperative|Rufunsa|205|205|205|205|205|"Number of
inspections
undertaken"|"Departme
ntal
/activity
Reports"|161|"Quarterl
y"|"Ministry of
Small,
Medium
Enterprise
Developme
nt
(MSMED)"|Rufunsa Town Council|Lusaka Province|Rufunsa|Rufunsa
Inspection|||||||||161|||Rufunsa Town Council|Lusaka Province|Rufunsa|Rufunsa
Trainings and|Rufunsa|205|205|205|205|205|"Number of
trainings and
sednsitisation
s undertaken"|"Departme
ntal
/activity
Reports"|161|"Quarterl
y"|"Ministry of
Small,
Medium
Enterprise
Developme
nt
(MSMED)"|Rufunsa Town Council|Lusaka Province|Rufunsa|Rufunsa
Sensitizations|||||||||161|||Rufunsa Town Council|Lusaka Province|Rufunsa|Rufunsa
Objective|To promote and strength efficient and effective management of agricultural production and productivity in order to||||||||161|||Rufunsa Town Council|Lusaka Province|Rufunsa|Rufunsa
|ensure sustainable household and national food and nutrition security and increased incomes by 2034||||||||161|||Rufunsa Town Council|Lusaka Province|Rufunsa|Rufunsa
|||||||||161|||Rufunsa Town Council|Lusaka Province|Rufunsa|Rufunsa
Strategy|Develop appropriate irrigation, land and water management systems||||||||161|||Rufunsa Town Council|Lusaka Province|Rufunsa|Rufunsa
|||||||||161|||Rufunsa Town Council|Lusaka Province|Rufunsa|Rufunsa
Programme|Agricultural Crop Production, Advisory Services and Technical Services||||||||161|||Rufunsa Town Council|Lusaka Province|Rufunsa|Rufunsa
Activities|Location|Target|Target|Target|Target|Target|Output|Source of|161|Frequen|Responsibl|Rufunsa Town Council|Lusaka Province|Rufunsa|Rufunsa
|(by|Year 1|Year 2|Year 3|Year 4|Year 5|Indicator|Informati|161|cy|e Agency/|Rufunsa Town Council|Lusaka Province|Rufunsa|Rufunsa
|priority)|||||||on|161||Officer|Rufunsa Town Council|Lusaka Province|Rufunsa|Rufunsa
|||||||||161|||Rufunsa Town Council|Lusaka Province|Rufunsa|Rufunsa
Irrigation|Rufunsa|6|6|6|6|6|"Number of
irrigation
facilities
constructed"|"Departme
ntal
Reports"|161|"Quarterl
y"|DACO|Rufunsa Town Council|Lusaka Province|Rufunsa|Rufunsa
Advisory|||||||||162|||Rufunsa Town Council|Lusaka Province|Rufunsa|Rufunsa
services|||||||||162|||Rufunsa Town Council|Lusaka Province|Rufunsa|Rufunsa
|||||||||162|||Rufunsa Town Council|Lusaka Province|Rufunsa|Rufunsa
Crop Production|Rufunsa|17|17|17|17|17|"Proportion of
crop varieties
produced"|"Departme
ntal
Reports"|162|"Quarterl
y"|DACO|Rufunsa Town Council|Lusaka Province|Rufunsa|Rufunsa
Objective|The Local Authority to establish a well-defined public transportation system||||||||162|||Rufunsa Town Council|Lusaka Province|Rufunsa|Rufunsa
|||||||||162|||Rufunsa Town Council|Lusaka Province|Rufunsa|Rufunsa
Strategy|Construct public transportation facilities||||||||162|||Rufunsa Town Council|Lusaka Province|Rufunsa|Rufunsa
Programme|Infrastructure Development||||||||162|||Rufunsa Town Council|Lusaka Province|Rufunsa|Rufunsa
Activities|Location|Target|Target|Target|Target|Target|Output|Source of|162|Frequen|Responsibl|Rufunsa Town Council|Lusaka Province|Rufunsa|Rufunsa
|(by|Year 1|Year 2|Year 3|Year 4|Year 5|Indicator|Informati|162|cy|e Agency|Rufunsa Town Council|Lusaka Province|Rufunsa|Rufunsa
|priority)|||||||on|162|||Rufunsa Town Council|Lusaka Province|Rufunsa|Rufunsa
|||||||||162|||Rufunsa Town Council|Lusaka Province|Rufunsa|Rufunsa
Construction of|Townships|||1|||"Presence of
bus station"|"Project
Reports"|162|Monthly|LA|Rufunsa Town Council|Lusaka Province|Rufunsa|Rufunsa
Bus Stations|||||||||162|||Rufunsa Town Council|Lusaka Province|Rufunsa|Rufunsa
Construction of|District||1|1|1|1|"Number of
bus stops
constructed"|"Project
Reports"|162|"Quarterl
y"|LA|Rufunsa Town Council|Lusaka Province|Rufunsa|Rufunsa
Bus stops|||||||||162|||Rufunsa Town Council|Lusaka Province|Rufunsa|Rufunsa
Securing Land|"Rufunsa
Central"||1||||"Presence of
certificate of
title"|"Activity
report"|162|Annually|LA|Rufunsa Town Council|Lusaka Province|Rufunsa|Rufunsa
for an Airstrip|||||||||162|||Rufunsa Town Council|Lusaka Province|Rufunsa|Rufunsa
Programme|Road Infrastructure Maintenance, Rehabilitation and Upgrading||||||||162|||Rufunsa Town Council|Lusaka Province|Rufunsa|Rufunsa
Periodic|"Great East
Road"||||||"KM of feeder
roads
maintained"|"Activity
report"|162|"Quarterl
y"|LA|Rufunsa Town Council|Lusaka Province|Rufunsa|Rufunsa
maintenance on|||||||||162|||Rufunsa Town Council|Lusaka Province|Rufunsa|Rufunsa
District feeder|||||||||162|||Rufunsa Town Council|Lusaka Province|Rufunsa|Rufunsa
roads|||||||||162|||Rufunsa Town Council|Lusaka Province|Rufunsa|Rufunsa
Open up new|||||||||163|||Rufunsa Town Council|Lusaka Province|Rufunsa|Rufunsa
roads|||||||||163|||Rufunsa Town Council|Lusaka Province|Rufunsa|Rufunsa
|||||||||163|||Rufunsa Town Council|Lusaka Province|Rufunsa|Rufunsa
Bridge|"Rufunsa
District"||||||"Number of
bridges
constructed"|"Project
Reports"|163|"Quarterl
y"|LA|Rufunsa Town Council|Lusaka Province|Rufunsa|Rufunsa
Construction|||||||||163|||Rufunsa Town Council|Lusaka Province|Rufunsa|Rufunsa
Bridge|"Rufunsa
District"||||||"Number of
bridges
rehabilitated"|"Project
Reports"|163|"Quarterl
y"|LA|Rufunsa Town Council|Lusaka Province|Rufunsa|Rufunsa
Rehabilitation|||||||||163|||Rufunsa Town Council|Lusaka Province|Rufunsa|Rufunsa
Installation of|Townships||||||"Presence of
road signage"|"Project
Reports"|163|"Quarterl
y"|LA|Rufunsa Town Council|Lusaka Province|Rufunsa|Rufunsa
road signs|||||||||163|||Rufunsa Town Council|Lusaka Province|Rufunsa|Rufunsa
Construction of|Nyangwena||1||||"Presence of
rumble strips"|"Project
Reports"|163|"Quarterl
y"|LA|Rufunsa Town Council|Lusaka Province|Rufunsa|Rufunsa
rumble strips|||||||||163|||Rufunsa Town Council|Lusaka Province|Rufunsa|Rufunsa
Objective|To have a diversified tourism sector by 2034||||||||163|||Rufunsa Town Council|Lusaka Province|Rufunsa|Rufunsa
|||||||||163|||Rufunsa Town Council|Lusaka Province|Rufunsa|Rufunsa
Strategy|promote diversification of tourism||||||||163|||Rufunsa Town Council|Lusaka Province|Rufunsa|Rufunsa
Programme|Sports, Arts and Culture Promotion||||||||163|||Rufunsa Town Council|Lusaka Province|Rufunsa|Rufunsa
Activities|Location|Target|Target|Target|Target|Target|Output|Source of|163|Frequen|Responsibl|Rufunsa Town Council|Lusaka Province|Rufunsa|Rufunsa
|(by|Year 1|Year 2|Year 3|Year 4|Year 5|Indicator|Informati|163|cy|e Agency|Rufunsa Town Council|Lusaka Province|Rufunsa|Rufunsa
|priority)|||||||on|163|||Rufunsa Town Council|Lusaka Province|Rufunsa|Rufunsa
|||||||||163|||Rufunsa Town Council|Lusaka Province|Rufunsa|Rufunsa
Construction of|District||1||||"Presence of
infrastructure
Constructed"|"Project
Reports"|163|"Quarterl
y"|"Culture
Department"|Rufunsa Town Council|Lusaka Province|Rufunsa|Rufunsa
District Cultural|||||||||163|||Rufunsa Town Council|Lusaka Province|Rufunsa|Rufunsa
Centre|||||||||163|||Rufunsa Town Council|Lusaka Province|Rufunsa|Rufunsa
Promotion of|District|2|2|2|2|2|"Number of
programmes
undertaken"|"Activity
report"|163|"Quarterl
y"|"Culture
Department"|Rufunsa Town Council|Lusaka Province|Rufunsa|Rufunsa
cultural|||||||||163|||Rufunsa Town Council|Lusaka Province|Rufunsa|Rufunsa
diversity|||||||||163|||Rufunsa Town Council|Lusaka Province|Rufunsa|Rufunsa
programmes|||||||||163|||Rufunsa Town Council|Lusaka Province|Rufunsa|Rufunsa
Conduct|||||||||164|||Rufunsa Town Council|Lusaka Province|Rufunsa|Rufunsa
festivals and|||||||||164|||Rufunsa Town Council|Lusaka Province|Rufunsa|Rufunsa
exhibition of|||||||||164|||Rufunsa Town Council|Lusaka Province|Rufunsa|Rufunsa
artifacts|||||||||164|||Rufunsa Town Council|Lusaka Province|Rufunsa|Rufunsa
|||||||||164|||Rufunsa Town Council|Lusaka Province|Rufunsa|Rufunsa
Promote|District|3|3|3|3|3|"Number of
promotions
undertaken"|"Activity
report"|164|"Quarterl
y"|"Culture
Department"|Rufunsa Town Council|Lusaka Province|Rufunsa|Rufunsa
traditional|||||||||164|||Rufunsa Town Council|Lusaka Province|Rufunsa|Rufunsa
ceremonies|||||||||164|||Rufunsa Town Council|Lusaka Province|Rufunsa|Rufunsa
Advertise the|National|3|3|3|3|3|"Number of
media
adverts
placed"|"Activity
report"|164|"Quarterl
y"|"Culture
Department"|Rufunsa Town Council|Lusaka Province|Rufunsa|Rufunsa
local cultural|||||||||164|||Rufunsa Town Council|Lusaka Province|Rufunsa|Rufunsa
history in varied|||||||||164|||Rufunsa Town Council|Lusaka Province|Rufunsa|Rufunsa
media platforms|||||||||164|||Rufunsa Town Council|Lusaka Province|Rufunsa|Rufunsa
Objective|To promote peri-urban and rural economies by 2034||||||||164|||Rufunsa Town Council|Lusaka Province|Rufunsa|Rufunsa
|||||||||164|||Rufunsa Town Council|Lusaka Province|Rufunsa|Rufunsa
Strategy|Promote local participation in the economy||||||||164|||Rufunsa Town Council|Lusaka Province|Rufunsa|Rufunsa
Programme|Infrastructure Development||||||||164|||Rufunsa Town Council|Lusaka Province|Rufunsa|Rufunsa
Activities|Location|Target|Target|Target|Target|Target|Output|Source of|164|Frequen|Responsibl|Rufunsa Town Council|Lusaka Province|Rufunsa|Rufunsa
|(by|Year 1|Year 2|Year 3|Year 4|Year 5|Indicator|Informati|164|cy|e Agency|Rufunsa Town Council|Lusaka Province|Rufunsa|Rufunsa
|priority)|||||||on|164|||Rufunsa Town Council|Lusaka Province|Rufunsa|Rufunsa
|||||||||164|||Rufunsa Town Council|Lusaka Province|Rufunsa|Rufunsa
Construction of|District||1|1|1|1|"Presence of
infrastructure
Constructed"|"Project
Reports"|164|"Quarterl
y"|LA|Rufunsa Town Council|Lusaka Province|Rufunsa|Rufunsa
market shelters|||||||||164|||Rufunsa Town Council|Lusaka Province|Rufunsa|Rufunsa
Construction of|District|||1||1|"Presence of
infrastructure
Constructed"|"Project
Reports"|164|"Quarterl
y"|PPP|Rufunsa Town Council|Lusaka Province|Rufunsa|Rufunsa
shopping malls|||||||||164|||Rufunsa Town Council|Lusaka Province|Rufunsa|Rufunsa
Construction of|District||1|1|1||"Presence of
infrastructure
Constructed"|"Project
Reports"|164|"Quarterl
y"|PPP|Rufunsa Town Council|Lusaka Province|Rufunsa|Rufunsa
Recreation|||||||||164|||Rufunsa Town Council|Lusaka Province|Rufunsa|Rufunsa
centres|||||||||164|||Rufunsa Town Council|Lusaka Province|Rufunsa|Rufunsa
Construction of|||||||||165|||Rufunsa Town Council|Lusaka Province|Rufunsa|Rufunsa
filling stations|||||||||165|||Rufunsa Town Council|Lusaka Province|Rufunsa|Rufunsa
|||||||||165|||Rufunsa Town Council|Lusaka Province|Rufunsa|Rufunsa
Construction of|District||1|1|1||"Presence of
infrastructure
Constructed"|"Project
Reports"|165|"Quarterl
y"|PPP|Rufunsa Town Council|Lusaka Province|Rufunsa|Rufunsa
Banking|||||||||165|||Rufunsa Town Council|Lusaka Province|Rufunsa|Rufunsa
facilities|||||||||165|||Rufunsa Town Council|Lusaka Province|Rufunsa|Rufunsa
Rehabilitation of|District|1|1|1|1|1|"Presence of
infrastructure
Rehabilitated"|"Project
Reports"|165|"Quarterl
y"|LA|Rufunsa Town Council|Lusaka Province|Rufunsa|Rufunsa
existing market|||||||||165|||Rufunsa Town Council|Lusaka Province|Rufunsa|Rufunsa
shelters|||||||||165|||Rufunsa Town Council|Lusaka Province|Rufunsa|Rufunsa
Objective|Revenue Enhancement by 2034||||||||165|||Rufunsa Town Council|Lusaka Province|Rufunsa|Rufunsa
|||||||||165|||Rufunsa Town Council|Lusaka Province|Rufunsa|Rufunsa
Strategy|Identification and diversification of revenue sources||||||||165|||Rufunsa Town Council|Lusaka Province|Rufunsa|Rufunsa
Programme|Revenue enhancement and diversification||||||||165|||Rufunsa Town Council|Lusaka Province|Rufunsa|Rufunsa
Activities|Location|Target|Target|Target|Target|Target|Output|Source of|165|Frequen|Responsibl|Rufunsa Town Council|Lusaka Province|Rufunsa|Rufunsa
|(by|Year 1|Year 2|Year 3|Year 4|Year 5|Indicator|Informati|165|cy|e Agency|Rufunsa Town Council|Lusaka Province|Rufunsa|Rufunsa
|priority)|||||||on|165|||Rufunsa Town Council|Lusaka Province|Rufunsa|Rufunsa
|||||||||165|||Rufunsa Town Council|Lusaka Province|Rufunsa|Rufunsa
Preparation and|District|0|0|1|1|0|"Number of
propoerties
in the
valuation roll"|"Valuation
roll"|165|"Quarterl
y"|LA|Rufunsa Town Council|Lusaka Province|Rufunsa|Rufunsa
enforcement of|||||||||165|||Rufunsa Town Council|Lusaka Province|Rufunsa|Rufunsa
the valuation roll|||||||||165|||Rufunsa Town Council|Lusaka Province|Rufunsa|Rufunsa
Construction of|"Rufunsa
Township"|||1|1||"Presence of
trucking bay"|"Project
Reports"|165|"Quarterl
y"|LA|Rufunsa Town Council|Lusaka Province|Rufunsa|Rufunsa
truck park in|||||||||165|||Rufunsa Town Council|Lusaka Province|Rufunsa|Rufunsa
Bay|||||||||165|||Rufunsa Town Council|Lusaka Province|Rufunsa|Rufunsa
Construction of|"Rufunsa
Township"|||1|||"Presence of
engineering
depot"|"Project
Reports"|165|"Quarterl
y"|LA|Rufunsa Town Council|Lusaka Province|Rufunsa|Rufunsa
an Engineering|||||||||165|||Rufunsa Town Council|Lusaka Province|Rufunsa|Rufunsa
Depot|||||||||165|||Rufunsa Town Council|Lusaka Province|Rufunsa|Rufunsa
Setting up of|||||||||166|||Rufunsa Town Council|Lusaka Province|Rufunsa|Rufunsa
Block making|||||||||166|||Rufunsa Town Council|Lusaka Province|Rufunsa|Rufunsa
plant|||||||||166|||Rufunsa Town Council|Lusaka Province|Rufunsa|Rufunsa
|||||||||166|||Rufunsa Town Council|Lusaka Province|Rufunsa|Rufunsa
Setting up of a|"Rufunsa
Township"|||1|||"Presence of
metal
fabrication
workshop"|"Project
Reports"|166|"Quarterl
y"|LA|Rufunsa Town Council|Lusaka Province|Rufunsa|Rufunsa
metal|||||||||166|||Rufunsa Town Council|Lusaka Province|Rufunsa|Rufunsa
fabrication|||||||||166|||Rufunsa Town Council|Lusaka Province|Rufunsa|Rufunsa
workshop|||||||||166|||Rufunsa Town Council|Lusaka Province|Rufunsa|Rufunsa
Rehabilitation &|"Luangwa
Shikabeta"|1|1|1|||"Number of
Lodges
constructed/r
ehabilitated"|"LED
Reports"|166|"Quarterl
y"|LA|Rufunsa Town Council|Lusaka Province|Rufunsa|Rufunsa
Construction of|||||||||166|||Rufunsa Town Council|Lusaka Province|Rufunsa|Rufunsa
Lodges|||||||||166|||Rufunsa Town Council|Lusaka Province|Rufunsa|Rufunsa
Construction of|"Rufunsa
Township"||||1||"Presence of
events hall"|"Project
Reports"|166|"Quarterl
y"|LA|Rufunsa Town Council|Lusaka Province|Rufunsa|Rufunsa
an events hall|||||||||166|||Rufunsa Town Council|Lusaka Province|Rufunsa|Rufunsa
Construction of|"Rufunsa
Township"||2|2|2|2|"Number of
housing units
constructed"|"Project
Reports"|166|"Quarterl
y"|LA|Rufunsa Town Council|Lusaka Province|Rufunsa|Rufunsa
9 Housing Units|||||||||166|||Rufunsa Town Council|Lusaka Province|Rufunsa|Rufunsa
Objective|To Improved access to Education for all learners by 2034||||||||167|||Rufunsa Town Council|Lusaka Province|Rufunsa|Rufunsa
Strategy|Enhance access to quality, equitable and inclusive eductaion||||||||167|||Rufunsa Town Council|Lusaka Province|Rufunsa|Rufunsa
Programme|Upgrading of Community Schools||||||||167|||Rufunsa Town Council|Lusaka Province|Rufunsa|Rufunsa
Activities|Locatio|Target|Target|Target|Target|Target|Output|Source of|167|Frequen|Responsible|Rufunsa Town Council|Lusaka Province|Rufunsa|Rufunsa
|n (by|Year 1|Year 2|Year 3|Year 4|Year 5|Indicator|Information|167|cy|Agency|Rufunsa Town Council|Lusaka Province|Rufunsa|Rufunsa
|priority||||||||167|||Rufunsa Town Council|Lusaka Province|Rufunsa|Rufunsa
|||||||||167|||Rufunsa Town Council|Lusaka Province|Rufunsa|Rufunsa
|)||||||||167|||Rufunsa Town Council|Lusaka Province|Rufunsa|Rufunsa
Construction|District|5|5|5|5|5|"Number
of CRB
Construct
ed"|"Rufunsa
District
education
strategic plan"|167|"Quarterl
y"|"LA/ MoGEL
Partners"|Rufunsa Town Council|Lusaka Province|Rufunsa|Rufunsa
of Classroom|||||||||167|||Rufunsa Town Council|Lusaka Province|Rufunsa|Rufunsa
blocks (1 x3)|||||||||167|||Rufunsa Town Council|Lusaka Province|Rufunsa|Rufunsa
|||||||||167|||Rufunsa Town Council|Lusaka Province|Rufunsa|Rufunsa
Rehabilitation|District|1|1|1|1|1|"Number
of
infrastruct
ure
rehabilitat
ed"|"Project
Report"|167|"Quarterl
y"|"LA/ MoGEL
Partners"|Rufunsa Town Council|Lusaka Province|Rufunsa|Rufunsa
of School|||||||||167|||Rufunsa Town Council|Lusaka Province|Rufunsa|Rufunsa
infrastructure|||||||||167|||Rufunsa Town Council|Lusaka Province|Rufunsa|Rufunsa
Construction|District|10|10|10|10|10|"Proportion
of schools
with new
VIPs"|"Project
Report"|167|"Quarterl
y"|"LA/ MoGEL
Partners"|Rufunsa Town Council|Lusaka Province|Rufunsa|Rufunsa
VIPs|||||||||167|||Rufunsa Town Council|Lusaka Province|Rufunsa|Rufunsa
Construction|District|3|3|3|3|3|"Number
of staff
houses
constructe
d"|"Project
Report"|167|"Quarterl
y"|"LA/ MoGEL
Partners"|Rufunsa Town Council|Lusaka Province|Rufunsa|Rufunsa
of staff houses|||||||||167|||Rufunsa Town Council|Lusaka Province|Rufunsa|Rufunsa
Construction|District|0|0|0|0|1|"Number
of school
libraries"|"Project
Report"|167|"Quarterl
y"|"LA/ MoGEL
Partners"|Rufunsa Town Council|Lusaka Province|Rufunsa|Rufunsa
of school|||||||||167|||Rufunsa Town Council|Lusaka Province|Rufunsa|Rufunsa
libraries|||||||||167|||Rufunsa Town Council|Lusaka Province|Rufunsa|Rufunsa
|||||||||168|||Rufunsa Town Council|Lusaka Province|Rufunsa|Rufunsa
Construction|District|2|1|1|1|1|"Number
of school
Science
labs
constructe
d"|"Project
Report"|168|"Quarterl
y"|"LA/ MoGEL
Partners"|Rufunsa Town Council|Lusaka Province|Rufunsa|Rufunsa
of Science|||||||||168|||Rufunsa Town Council|Lusaka Province|Rufunsa|Rufunsa
Laboratories|||||||||168|||Rufunsa Town Council|Lusaka Province|Rufunsa|Rufunsa
Construction|District|1|1|1|1|1|"Number
of school
computer
labs
constructe
d"|"Project
Report"|168|"Quarterl
y"|"LA/ MoGEL
Partners"|Rufunsa Town Council|Lusaka Province|Rufunsa|Rufunsa
of Computer|||||||||168|||Rufunsa Town Council|Lusaka Province|Rufunsa|Rufunsa
Write MoGE|District|4|4|4|4|4|"Number
of schools
upgraded"|"Upgrading
letters"|168|Annually|"LA/ MoGEL
Partners"|Rufunsa Town Council|Lusaka Province|Rufunsa|Rufunsa
to upgrade|||||||||168|||Rufunsa Town Council|Lusaka Province|Rufunsa|Rufunsa
community|||||||||168|||Rufunsa Town Council|Lusaka Province|Rufunsa|Rufunsa
schools|||||||||168|||Rufunsa Town Council|Lusaka Province|Rufunsa|Rufunsa
Programme|Examination Centers||||||||168|||Rufunsa Town Council|Lusaka Province|Rufunsa|Rufunsa
Engage|District|2|2|2|2|2|"Number
of Exam
centers
establishe
d"|"Response
Letters"|168|Annually|"LA/ MoGEL
Partners"|Rufunsa Town Council|Lusaka Province|Rufunsa|Rufunsa
MoGE to|||||||||168|||Rufunsa Town Council|Lusaka Province|Rufunsa|Rufunsa
designate|||||||||168|||Rufunsa Town Council|Lusaka Province|Rufunsa|Rufunsa
schools in the|||||||||168|||Rufunsa Town Council|Lusaka Province|Rufunsa|Rufunsa
District with|||||||||168|||Rufunsa Town Council|Lusaka Province|Rufunsa|Rufunsa
Examination|||||||||168|||Rufunsa Town Council|Lusaka Province|Rufunsa|Rufunsa
centers|||||||||168|||Rufunsa Town Council|Lusaka Province|Rufunsa|Rufunsa
Objective|To improve health and well being of residents of Rufunsa District by 2034||||||||169|||Rufunsa Town Council|Lusaka Province|Rufunsa|Rufunsa
Strategy|Public Health Strengthening||||||||169|||Rufunsa Town Council|Lusaka Province|Rufunsa|Rufunsa
Programme|Child Health||||||||169|||Rufunsa Town Council|Lusaka Province|Rufunsa|Rufunsa
Activities|Locatio|Target|Target|Target|Target|Target|Output|Source of|169|Frequen|Responsible|Rufunsa Town Council|Lusaka Province|Rufunsa|Rufunsa
|n (by|Year 1|Year 2|Year 3|Year 4|Year 5|Indicator|Information|169|cy|Agency /|Rufunsa Town Council|Lusaka Province|Rufunsa|Rufunsa
|priority||||||||169||Officers|Rufunsa Town Council|Lusaka Province|Rufunsa|Rufunsa
|||||||||169|||Rufunsa Town Council|Lusaka Province|Rufunsa|Rufunsa
|)||||||||169|||Rufunsa Town Council|Lusaka Province|Rufunsa|Rufunsa
Conduct|District|34|36|38|40|42|"Number
of
Facilities
implement
ing
Cooking
demonstra
tions"|"Performance
Assessment
Report/Com
munity
Registers"|169|Monthly|"LA/DHO/LPH
O/MA &
Partners"|Rufunsa Town Council|Lusaka Province|Rufunsa|Rufunsa
Cooking|||||||||169|||Rufunsa Town Council|Lusaka Province|Rufunsa|Rufunsa
demonstration|||||||||169|||Rufunsa Town Council|Lusaka Province|Rufunsa|Rufunsa
(Health|||||||||169|||Rufunsa Town Council|Lusaka Province|Rufunsa|Rufunsa
Facilities)|||||||||169|||Rufunsa Town Council|Lusaka Province|Rufunsa|Rufunsa
|||||||||169|||Rufunsa Town Council|Lusaka Province|Rufunsa|Rufunsa
Growth|District|34|36|38|40|42|"% of
Health
Facilities
conductin
g Growth
monitorin
g
Programm
e-GMP."|"Monitoring
Reports"|169|Monthly|"LA/DHO/LPH
O/MA &
Partners"|Rufunsa Town Council|Lusaka Province|Rufunsa|Rufunsa
monitoring|||||||||169|||Rufunsa Town Council|Lusaka Province|Rufunsa|Rufunsa
Integrated|District|34|36|38|40|42|"Number
of Health
Facilities
implement
ing
integrated
outreaches"|"Activity
reports"|169|Monthly|"LA/DHO/LPH
O/MA &
Partners"|Rufunsa Town Council|Lusaka Province|Rufunsa|Rufunsa
outreaches|||||||||169|||Rufunsa Town Council|Lusaka Province|Rufunsa|Rufunsa
Community|||||||||170|||Rufunsa Town Council|Lusaka Province|Rufunsa|Rufunsa
sensitisations|||||||||170|||Rufunsa Town Council|Lusaka Province|Rufunsa|Rufunsa
|||||||||170|||Rufunsa Town Council|Lusaka Province|Rufunsa|Rufunsa
Health|District|34|36|38|40|42|"% of
Populatio
n offered
health
education"|"Activity
reports"|170|Weekly|"LA/DHO/LPH
O/MA &
Partners"|Rufunsa Town Council|Lusaka Province|Rufunsa|Rufunsa
Education|||||||||170|||Rufunsa Town Council|Lusaka Province|Rufunsa|Rufunsa
Mentorship of|District|34|36|38|40|42|"Number
of HCWs
Mentored
in IYCF"|"District
Training Data
Base/HRIS"|170|"Quarterl
y"|"LA/DHO/LPH
O/MA &
Partners"|Rufunsa Town Council|Lusaka Province|Rufunsa|Rufunsa
Health Care|||||||||170|||Rufunsa Town Council|Lusaka Province|Rufunsa|Rufunsa
Providers in|||||||||170|||Rufunsa Town Council|Lusaka Province|Rufunsa|Rufunsa
IYCF|||||||||170|||Rufunsa Town Council|Lusaka Province|Rufunsa|Rufunsa
Expanded|District|34|36|38|40|42|"Number
of
Immunisat
ion
programs
undertake
n"|"Activity
reports"|170|"Quarterl
y"|"LA/DHO/LPH
O/MA &
Partners"|Rufunsa Town Council|Lusaka Province|Rufunsa|Rufunsa
Program for|||||||||170|||Rufunsa Town Council|Lusaka Province|Rufunsa|Rufunsa
Immunisation|||||||||170|||Rufunsa Town Council|Lusaka Province|Rufunsa|Rufunsa
Train 30|District|34|36|38|40|42|"Number
of Health
Care
Providers
trained in
RED/C
strategy"|"District
Training Data
Base/HRIS"|170|Annually|"LA/DHO/LPH
O/MA &
Partners"|Rufunsa Town Council|Lusaka Province|Rufunsa|Rufunsa
RED/C|||||||||170|||Rufunsa Town Council|Lusaka Province|Rufunsa|Rufunsa
strategy|||||||||170|||Rufunsa Town Council|Lusaka Province|Rufunsa|Rufunsa
Formation of|||||||||171|||Rufunsa Town Council|Lusaka Province|Rufunsa|Rufunsa
District|||||||||171|||Rufunsa Town Council|Lusaka Province|Rufunsa|Rufunsa
Nutrition|||||||||171|||Rufunsa Town Council|Lusaka Province|Rufunsa|Rufunsa
Coordinating|||||||||171|||Rufunsa Town Council|Lusaka Province|Rufunsa|Rufunsa
Committees|||||||||171|||Rufunsa Town Council|Lusaka Province|Rufunsa|Rufunsa
Training of|District|34|36|38|40|42|"Number
of
trainings
undertake
n"|"Activity
Reports"|171|"Quarterl
y"|"LA/DHO/LPH
O/MA &
Partners"|Rufunsa Town Council|Lusaka Province|Rufunsa|Rufunsa
CBVs in|||||||||171|||Rufunsa Town Council|Lusaka Province|Rufunsa|Rufunsa
IYCF|||||||||171|||Rufunsa Town Council|Lusaka Province|Rufunsa|Rufunsa
|||||||||171|||Rufunsa Town Council|Lusaka Province|Rufunsa|Rufunsa
Programme|Promotion of health education across all communities in the district||||||||171|||Rufunsa Town Council|Lusaka Province|Rufunsa|Rufunsa
Distribution|District|6000|7000|8000|9000|10000|"% of
teaching
aids and
IEC
materials
received,
distributed
."|"Health
Promotion
Register"|171|Monthly|"LA/DHO/LPH
O/MA &
Partners"|Rufunsa Town Council|Lusaka Province|Rufunsa|Rufunsa
of IEC|||||||||171|||Rufunsa Town Council|Lusaka Province|Rufunsa|Rufunsa
materials|||||||||171|||Rufunsa Town Council|Lusaka Province|Rufunsa|Rufunsa
Community|District|1400|1500|1600|1700|1800|"% of
population
sensitized
with any
health
promotion
messages"|"Health
Promotion
Register"|171|Monthly|"LA/DHO/LPH
O/MA &
Partners"|Rufunsa Town Council|Lusaka Province|Rufunsa|Rufunsa
sensitizations|||||||||171|||Rufunsa Town Council|Lusaka Province|Rufunsa|Rufunsa
Conduct|District|200|300|400|500|600|"Number
of
quarterly
Focus
Group
meetings
held"|"Meetings
minutes"|171|"Quarterl
y"|"LA/DHO/LPH
O/MA &
Partners"|Rufunsa Town Council|Lusaka Province|Rufunsa|Rufunsa
quarterly|||||||||171|||Rufunsa Town Council|Lusaka Province|Rufunsa|Rufunsa
Focus Group|||||||||171|||Rufunsa Town Council|Lusaka Province|Rufunsa|Rufunsa
meetings|||||||||171|||Rufunsa Town Council|Lusaka Province|Rufunsa|Rufunsa
Quarterly|||||||||172|||Rufunsa Town Council|Lusaka Province|Rufunsa|Rufunsa
meetings with|||||||||172|||Rufunsa Town Council|Lusaka Province|Rufunsa|Rufunsa
community|||||||||172|||Rufunsa Town Council|Lusaka Province|Rufunsa|Rufunsa
gate keepers|||||||||172|||Rufunsa Town Council|Lusaka Province|Rufunsa|Rufunsa
|||||||||172|||Rufunsa Town Council|Lusaka Province|Rufunsa|Rufunsa
Fire|District|62|65|68|71|74|"Number
of
sensitisati
on
meetings
undertake
n"|"Activity
Reports"|172|"Quarterl
y"|"LA/DHO/LPH
O/MA &
Partners"|Rufunsa Town Council|Lusaka Province|Rufunsa|Rufunsa
prevention|||||||||172|||Rufunsa Town Council|Lusaka Province|Rufunsa|Rufunsa
sensitization|||||||||172|||Rufunsa Town Council|Lusaka Province|Rufunsa|Rufunsa
Programme|Equip existing structures in communities with health promotion skills||||||||172|||Rufunsa Town Council|Lusaka Province|Rufunsa|Rufunsa
Mentorship of|District|450|470|490|510|555|"Number
of CBVs
mentored."|"District
Training Data
Base/HRIS"|172|"Quarterl
y"|"LA/DHO/LPH
O/MA &
Partners"|Rufunsa Town Council|Lusaka Province|Rufunsa|Rufunsa
CBVs|||||||||172|||Rufunsa Town Council|Lusaka Province|Rufunsa|Rufunsa
Distribution|District|34|36|38|40|42|"% of
teaching
aids and
IEC
distributed
."|"Health
Promotion
Register"|172|Monthly|"LA/DHO/LPH
O/MA &
Partners"|Rufunsa Town Council|Lusaka Province|Rufunsa|Rufunsa
of teaching|||||||||172|||Rufunsa Town Council|Lusaka Province|Rufunsa|Rufunsa
aids and IEC|||||||||172|||Rufunsa Town Council|Lusaka Province|Rufunsa|Rufunsa
materials|||||||||172|||Rufunsa Town Council|Lusaka Province|Rufunsa|Rufunsa
Revitalisation|District|34|36|38|40|42|"% of
Health
Facilities
with
functional
NHCs."|"Performance
Assessment
Report/Minut
es"|172|"Bi-
annual"|"LA/DHO/LPH
O/MA &
Partners"|Rufunsa Town Council|Lusaka Province|Rufunsa|Rufunsa
of existing|||||||||172|||Rufunsa Town Council|Lusaka Province|Rufunsa|Rufunsa
non-|||||||||172|||Rufunsa Town Council|Lusaka Province|Rufunsa|Rufunsa
functional|||||||||172|||Rufunsa Town Council|Lusaka Province|Rufunsa|Rufunsa
Neighborhood|||||||||172|||Rufunsa Town Council|Lusaka Province|Rufunsa|Rufunsa
Health|||||||||172|||Rufunsa Town Council|Lusaka Province|Rufunsa|Rufunsa
Committees-|||||||||173|||Rufunsa Town Council|Lusaka Province|Rufunsa|Rufunsa
NHCs|||||||||173|||Rufunsa Town Council|Lusaka Province|Rufunsa|Rufunsa
|||||||||173|||Rufunsa Town Council|Lusaka Province|Rufunsa|Rufunsa
Support|District|590|625|650|700|750|"% of
facilities
holding
NHCs
meetings"|"Number of
meeting held"|173|Monthly|"LA/DHO/LPH
O/MA &
Partners"|Rufunsa Town Council|Lusaka Province|Rufunsa|Rufunsa
quarterly|||||||||173|||Rufunsa Town Council|Lusaka Province|Rufunsa|Rufunsa
meetings|||||||||173|||Rufunsa Town Council|Lusaka Province|Rufunsa|Rufunsa
Procure|District|50|100|110|30|30|"% of
NHCs
with
communit
y transport"|"Inventory
Register"|173|Monthly|"LA/DHO/LPH
O/MA &
Partners"|Rufunsa Town Council|Lusaka Province|Rufunsa|Rufunsa
bicycles for|||||||||173|||Rufunsa Town Council|Lusaka Province|Rufunsa|Rufunsa
Monitoring of|District|580|620|660|700|740|"% of
NHCs
monitored"|"Activity
Reports"|173|"Quarterl
y"|"LA/DHO/LPH
O/MA &
Partners"|Rufunsa Town Council|Lusaka Province|Rufunsa|Rufunsa
functions|||||||||173|||Rufunsa Town Council|Lusaka Province|Rufunsa|Rufunsa
Strategy|Increase access to quality health care||||||||173|||Rufunsa Town Council|Lusaka Province|Rufunsa|Rufunsa
|||||||||173|||Rufunsa Town Council|Lusaka Province|Rufunsa|Rufunsa
Programme|Infrastructure Development||||||||173|||Rufunsa Town Council|Lusaka Province|Rufunsa|Rufunsa
Activities|Locatio|Target|Target|Target|Target|Target|Output|Source of|173|Frequen|Responsible|Rufunsa Town Council|Lusaka Province|Rufunsa|Rufunsa
|n (by|Year 1|Year 2|Year 3|Year 4|Year 5|Indicator|Information|173|cy|Agency|Rufunsa Town Council|Lusaka Province|Rufunsa|Rufunsa
|priority||||||||173|||Rufunsa Town Council|Lusaka Province|Rufunsa|Rufunsa
|||||||||173|||Rufunsa Town Council|Lusaka Province|Rufunsa|Rufunsa
|)||||||||173|||Rufunsa Town Council|Lusaka Province|Rufunsa|Rufunsa
Construction|District|2|2|2|2|2|"Number
of Health
Posts
constructe
d"|"Project
reports"|173|"Bi-
annual"|"LA/DHO/LPH
O/MA &
Partners"|Rufunsa Town Council|Lusaka Province|Rufunsa|Rufunsa
of Health|||||||||173|||Rufunsa Town Council|Lusaka Province|Rufunsa|Rufunsa
Posts|||||||||173|||Rufunsa Town Council|Lusaka Province|Rufunsa|Rufunsa
Upgrading of|||||||||174|||Rufunsa Town Council|Lusaka Province|Rufunsa|Rufunsa
Health|||||||||174|||Rufunsa Town Council|Lusaka Province|Rufunsa|Rufunsa
Facilities|||||||||174|||Rufunsa Town Council|Lusaka Province|Rufunsa|Rufunsa
|||||||||174|||Rufunsa Town Council|Lusaka Province|Rufunsa|Rufunsa
Construction|District|2|2|2|2|2|"Number
of
Maternity
Wings
constructe
d"|"Project
reports"|174|Annually|"LA/DHO/LPH
O/MA &
Partners"|Rufunsa Town Council|Lusaka Province|Rufunsa|Rufunsa
of Maternity|||||||||174|||Rufunsa Town Council|Lusaka Province|Rufunsa|Rufunsa
Wing|||||||||174|||Rufunsa Town Council|Lusaka Province|Rufunsa|Rufunsa
Construction|District|0|0|1|0|0|"Presence
of district
hospitals"|"Project
reports"|174|Annually|"LA/DHO/LPH
O/MA &
Partners"|Rufunsa Town Council|Lusaka Province|Rufunsa|Rufunsa
of the District|||||||||174|||Rufunsa Town Council|Lusaka Province|Rufunsa|Rufunsa
Hospital|||||||||174|||Rufunsa Town Council|Lusaka Province|Rufunsa|Rufunsa
Construction|District|2|2|2|2|2|"Number
of houses
constructe
d"|"Project
reports"|174|"Quarterl
y"|"LA/DHO/LPH
O/MA &
Partners"|Rufunsa Town Council|Lusaka Province|Rufunsa|Rufunsa
of Staff|||||||||174|||Rufunsa Town Council|Lusaka Province|Rufunsa|Rufunsa
Houses|||||||||174|||Rufunsa Town Council|Lusaka Province|Rufunsa|Rufunsa
Incinerator|District|2|2|2|2|2|"Number
of
incinerato
rs
constructe
d"|"Project
reports"|174|"Quarterl
y"|"LA/DHO/LPH
O/MA &
Partners"|Rufunsa Town Council|Lusaka Province|Rufunsa|Rufunsa
Construction|||||||||174|||Rufunsa Town Council|Lusaka Province|Rufunsa|Rufunsa
Programme|First Aid Promotion||||||||174|||Rufunsa Town Council|Lusaka Province|Rufunsa|Rufunsa
Training of|District|50|20|20|20|20|||174||"LA/DHO/LPH
O/MA &
Partners"|Rufunsa Town Council|Lusaka Province|Rufunsa|Rufunsa
Health care|||||||||174|||Rufunsa Town Council|Lusaka Province|Rufunsa|Rufunsa
workers/|||||||||174|||Rufunsa Town Council|Lusaka Province|Rufunsa|Rufunsa
drivers/CBVs|||||||||174|||Rufunsa Town Council|Lusaka Province|Rufunsa|Rufunsa
in First Aid|||||||||174|||Rufunsa Town Council|Lusaka Province|Rufunsa|Rufunsa
Promotion|||||||||174|||Rufunsa Town Council|Lusaka Province|Rufunsa|Rufunsa
Objective|To provide improved access to clean water and sanitation by 2034||||||||175|||Rufunsa Town Council|Lusaka Province|Rufunsa|Rufunsa
Strategy|Improve access to clean and safe water sources||||||||175|||Rufunsa Town Council|Lusaka Province|Rufunsa|Rufunsa
|||||||||175|||Rufunsa Town Council|Lusaka Province|Rufunsa|Rufunsa
Programme|Policy and coordination||||||||175|||Rufunsa Town Council|Lusaka Province|Rufunsa|Rufunsa
Activities|Locatio|Target|Target|Target|Target|Target|Output|Source of|175|Frequen|Responsible|Rufunsa Town Council|Lusaka Province|Rufunsa|Rufunsa
|n (by|Year 1|Year 2|Year 3|Year 4|Year 5|Indicator|Information|175|cy|Agency|Rufunsa Town Council|Lusaka Province|Rufunsa|Rufunsa
|priority||||||||175|||Rufunsa Town Council|Lusaka Province|Rufunsa|Rufunsa
|||||||||175|||Rufunsa Town Council|Lusaka Province|Rufunsa|Rufunsa
|)||||||||175|||Rufunsa Town Council|Lusaka Province|Rufunsa|Rufunsa
Senstization|District|12|12|12|12|12|"Number
of
sensitisati
on
meetings
undertake
n"|"Activity
Reports"|175|"Quarterl
y"|"DWRD /LA/
PARTNERS"|Rufunsa Town Council|Lusaka Province|Rufunsa|Rufunsa
on|||||||||175|||Rufunsa Town Council|Lusaka Province|Rufunsa|Rufunsa
management|||||||||175|||Rufunsa Town Council|Lusaka Province|Rufunsa|Rufunsa
of water|||||||||175|||Rufunsa Town Council|Lusaka Province|Rufunsa|Rufunsa
points|||||||||175|||Rufunsa Town Council|Lusaka Province|Rufunsa|Rufunsa
|||||||||175|||Rufunsa Town Council|Lusaka Province|Rufunsa|Rufunsa
Programme|Water infrastructure development and maintenance||||||||175|||Rufunsa Town Council|Lusaka Province|Rufunsa|Rufunsa
Construction||0|0|1|0|0|"Presence
of water
surface
infrastruct
ure"|"Activity
Reports"|175|Annually|"DWRD
/PARTNERS"|Rufunsa Town Council|Lusaka Province|Rufunsa|Rufunsa
of Surface|||||||||175|||Rufunsa Town Council|Lusaka Province|Rufunsa|Rufunsa
water|||||||||175|||Rufunsa Town Council|Lusaka Province|Rufunsa|Rufunsa
infrastructure|||||||||175|||Rufunsa Town Council|Lusaka Province|Rufunsa|Rufunsa
(Weirs and|||||||||175|||Rufunsa Town Council|Lusaka Province|Rufunsa|Rufunsa
Dams etc)|||||||||175|||Rufunsa Town Council|Lusaka Province|Rufunsa|Rufunsa
Drilling of|District|15|15|15|15|15|"Number
of
boreholes
drilled"|"Activity
reports"|175|"Bi-
annual"|"DWRD /LA/
PARTNERS"|Rufunsa Town Council|Lusaka Province|Rufunsa|Rufunsa
Boreholes|||||||||175|||Rufunsa Town Council|Lusaka Province|Rufunsa|Rufunsa
Develop a|"Rufunsa
Townsh
ip"|0|1|1|1|1|"Number
of water
systems
developed"|"Activity
Reports"|175|"Bi-
annual"|"DWRD /LA/
PARTNERS"|Rufunsa Town Council|Lusaka Province|Rufunsa|Rufunsa
water pipe|||||||||175|||Rufunsa Town Council|Lusaka Province|Rufunsa|Rufunsa
network|||||||||175|||Rufunsa Town Council|Lusaka Province|Rufunsa|Rufunsa
system|||||||||175|||Rufunsa Town Council|Lusaka Province|Rufunsa|Rufunsa
Programme|Maintenance of water points||||||||176|||Rufunsa Town Council|Lusaka Province|Rufunsa|Rufunsa
Procurement|District|12|12|12|12|12|"Number
of
complete
tool kits
requested
to be
procured"|"Internal
memorandum"|176|Annually|"DWRD /LA/
PARTNERS"|Rufunsa Town Council|Lusaka Province|Rufunsa|Rufunsa
of tool kits for|||||||||176|||Rufunsa Town Council|Lusaka Province|Rufunsa|Rufunsa
Indian Mark II|||||||||176|||Rufunsa Town Council|Lusaka Province|Rufunsa|Rufunsa
|||||||||176|||Rufunsa Town Council|Lusaka Province|Rufunsa|Rufunsa
Programme|Water resources assessment and quantification||||||||176|||Rufunsa Town Council|Lusaka Province|Rufunsa|Rufunsa
Conduct field|District|12|12|12|12|12|"Number
of field
appraisals
conducted"|"Field
appraisal
report"|176|"Quarterl
y"|LA|Rufunsa Town Council|Lusaka Province|Rufunsa|Rufunsa
appraisals for|||||||||176|||Rufunsa Town Council|Lusaka Province|Rufunsa|Rufunsa
rehabilitation|||||||||176|||Rufunsa Town Council|Lusaka Province|Rufunsa|Rufunsa
of broken|||||||||176|||Rufunsa Town Council|Lusaka Province|Rufunsa|Rufunsa
down|||||||||176|||Rufunsa Town Council|Lusaka Province|Rufunsa|Rufunsa
boreholes|||||||||176|||Rufunsa Town Council|Lusaka Province|Rufunsa|Rufunsa
Programme|Water quality testing||||||||176|||Rufunsa Town Council|Lusaka Province|Rufunsa|Rufunsa
|||||||||176|||Rufunsa Town Council|Lusaka Province|Rufunsa|Rufunsa
Procurement|District|12|12|12|12|12|"Number
of water
quality
monitorin
g
activities
undertake
n"|"Monitoring
report"|176|Annually|"DWRD /LA/
PARTNERS"|Rufunsa Town Council|Lusaka Province|Rufunsa|Rufunsa
of mobile|||||||||176|||Rufunsa Town Council|Lusaka Province|Rufunsa|Rufunsa
water testing|||||||||176|||Rufunsa Town Council|Lusaka Province|Rufunsa|Rufunsa
kits|||||||||176|||Rufunsa Town Council|Lusaka Province|Rufunsa|Rufunsa
Conduct|District|12|12|12|12|12|"Number
of
programs
undertake
n"|"Monitoring
report"|176|"Quarterl
y"|DWRD /LA|Rufunsa Town Council|Lusaka Province|Rufunsa|Rufunsa
water quality|||||||||176|||Rufunsa Town Council|Lusaka Province|Rufunsa|Rufunsa
monitoring|||||||||176|||Rufunsa Town Council|Lusaka Province|Rufunsa|Rufunsa
for existing|||||||||176|||Rufunsa Town Council|Lusaka Province|Rufunsa|Rufunsa
water points|||||||||176|||Rufunsa Town Council|Lusaka Province|Rufunsa|Rufunsa
in the District|||||||||176|||Rufunsa Town Council|Lusaka Province|Rufunsa|Rufunsa
Programme|Training & Capacity Building||||||||177|||Rufunsa Town Council|Lusaka Province|Rufunsa|Rufunsa
|||||||||177|||Rufunsa Town Council|Lusaka Province|Rufunsa|Rufunsa
Train and re-|District|12|12|12|12|12|"number of
V -Washe
trainings
undertake
n"|"V - Washe
training report"|177|"Quarterl
y"|"DWRD /LA/
PARTNERS"|Rufunsa Town Council|Lusaka Province|Rufunsa|Rufunsa
orient V-|||||||||177|||Rufunsa Town Council|Lusaka Province|Rufunsa|Rufunsa
Washe|||||||||177|||Rufunsa Town Council|Lusaka Province|Rufunsa|Rufunsa
committee|||||||||177|||Rufunsa Town Council|Lusaka Province|Rufunsa|Rufunsa
members|||||||||177|||Rufunsa Town Council|Lusaka Province|Rufunsa|Rufunsa
Strategy|Increase access to improved sanitation services||||||||177|||Rufunsa Town Council|Lusaka Province|Rufunsa|Rufunsa
Programme|Sanitation and Personal Hygiene Promotion||||||||177|||Rufunsa Town Council|Lusaka Province|Rufunsa|Rufunsa
Activities|Locatio|Target|Target|Target|Target|Target|Output|Source of|177|Frequen|Responsible|Rufunsa Town Council|Lusaka Province|Rufunsa|Rufunsa
|n (by|Year 1|Year 2|Year 3|Year 4|Year 5|Indicator|Information|177|cy|Agency|Rufunsa Town Council|Lusaka Province|Rufunsa|Rufunsa
|priority||||||||177|||Rufunsa Town Council|Lusaka Province|Rufunsa|Rufunsa
|||||||||177|||Rufunsa Town Council|Lusaka Province|Rufunsa|Rufunsa
|)||||||||177|||Rufunsa Town Council|Lusaka Province|Rufunsa|Rufunsa
CLTS||4|4|4|4|4|"Number
of training
undertake
n"|"Training
reports"|177|"Quarterl
y"|"LA / DHO/
Partners"|Rufunsa Town Council|Lusaka Province|Rufunsa|Rufunsa
Community|||||||||177|||Rufunsa Town Council|Lusaka Province|Rufunsa|Rufunsa
meetings|||||||||177|||Rufunsa Town Council|Lusaka Province|Rufunsa|Rufunsa
|||||||||177|||Rufunsa Town Council|Lusaka Province|Rufunsa|Rufunsa
conduct||4|4|4|4|4|"Number
of
sensitizati
on
meeting
held"|"Sensitization
report"|177|Annually|"LA / DHO/
Partners"|Rufunsa Town Council|Lusaka Province|Rufunsa|Rufunsa
quarterly|||||||||177|||Rufunsa Town Council|Lusaka Province|Rufunsa|Rufunsa
backstopping|||||||||177|||Rufunsa Town Council|Lusaka Province|Rufunsa|Rufunsa
visits to|||||||||177|||Rufunsa Town Council|Lusaka Province|Rufunsa|Rufunsa
sensitized|||||||||177|||Rufunsa Town Council|Lusaka Province|Rufunsa|Rufunsa
triggered|||||||||177|||Rufunsa Town Council|Lusaka Province|Rufunsa|Rufunsa
villages|||||||||177|||Rufunsa Town Council|Lusaka Province|Rufunsa|Rufunsa
Objective|To reduce poverty and inequality levels by 2034||||||||177|||Rufunsa Town Council|Lusaka Province|Rufunsa|Rufunsa
Strategy|Enhance social Protection of poor and vulnerable people||||||||177|||Rufunsa Town Council|Lusaka Province|Rufunsa|Rufunsa
Programme|Social Cash Transfer||||||||177|||Rufunsa Town Council|Lusaka Province|Rufunsa|Rufunsa
Awareness|||||||||178|||Rufunsa Town Council|Lusaka Province|Rufunsa|Rufunsa
raising|||||||||178|||Rufunsa Town Council|Lusaka Province|Rufunsa|Rufunsa
(Wards)|||||||||178|||Rufunsa Town Council|Lusaka Province|Rufunsa|Rufunsa
|||||||||178|||Rufunsa Town Council|Lusaka Province|Rufunsa|Rufunsa
Disability|District|500|600|700|800|900|"Number
of
disabled
persons
certified"|"Activity
Reports"|178|"Quarterl
y"|Social Welfare|Rufunsa Town Council|Lusaka Province|Rufunsa|Rufunsa
Certification|||||||||178|||Rufunsa Town Council|Lusaka Province|Rufunsa|Rufunsa
listing of|District|1500|2000|2500|3000|3500|"Number
of
beneficiat
ed listed"|"Activity
Reports"|178|"Quarterl
y"|Social Welfare|Rufunsa Town Council|Lusaka Province|Rufunsa|Rufunsa
potential|||||||||178|||Rufunsa Town Council|Lusaka Province|Rufunsa|Rufunsa
beneficiaries|||||||||178|||Rufunsa Town Council|Lusaka Province|Rufunsa|Rufunsa
first|District|1500|2000|2500|3000|3500|"Number
of
beneficiari
es
validated"|"Activity
Reports"|178|"Quarterl
y"|Social Welfare|Rufunsa Town Council|Lusaka Province|Rufunsa|Rufunsa
community|||||||||178|||Rufunsa Town Council|Lusaka Province|Rufunsa|Rufunsa
validation|||||||||178|||Rufunsa Town Council|Lusaka Province|Rufunsa|Rufunsa
enumeration|District|1500|2000|2500|3000|3500|"Number
of
beneficiari
es
receiving
enumerati
on"|"Activity
Reports"|178|"Quarterl
y"|Social Welfare|Rufunsa Town Council|Lusaka Province|Rufunsa|Rufunsa
Second|District|1500|2000|2500|3000|3500|"Number
of
beneficiari
es
validated"|"Activity
Reports"|178|"Quarterl
y"|Social Welfare|Rufunsa Town Council|Lusaka Province|Rufunsa|Rufunsa
paymets of|||||||||179|||Rufunsa Town Council|Lusaka Province|Rufunsa|Rufunsa
cash transfers|||||||||179|||Rufunsa Town Council|Lusaka Province|Rufunsa|Rufunsa
to|||||||||179|||Rufunsa Town Council|Lusaka Province|Rufunsa|Rufunsa
beneficiaries|||||||||179|||Rufunsa Town Council|Lusaka Province|Rufunsa|Rufunsa
Other|District||||||"Amount
of
admnistrat
ive costs
incured"|"Activity
Reports"|179|"Quarterl
y"|Social Welfare|Rufunsa Town Council|Lusaka Province|Rufunsa|Rufunsa
Amdinistrativ|||||||||179|||Rufunsa Town Council|Lusaka Province|Rufunsa|Rufunsa
e Coasts|||||||||179|||Rufunsa Town Council|Lusaka Province|Rufunsa|Rufunsa
|||||||||179|||Rufunsa Town Council|Lusaka Province|Rufunsa|Rufunsa
Collection Of|District|69|69|72|80|80|"Number
of
complaint
s attended
to"|"Activity
Reports"|179|"Quarterl
y"|Social Welfare|Rufunsa Town Council|Lusaka Province|Rufunsa|Rufunsa
GRM|||||||||179|||Rufunsa Town Council|Lusaka Province|Rufunsa|Rufunsa
Complaint|||||||||179|||Rufunsa Town Council|Lusaka Province|Rufunsa|Rufunsa
Forms|||||||||179|||Rufunsa Town Council|Lusaka Province|Rufunsa|Rufunsa
(CWAC|||||||||179|||Rufunsa Town Council|Lusaka Province|Rufunsa|Rufunsa
areas)|||||||||179|||Rufunsa Town Council|Lusaka Province|Rufunsa|Rufunsa
Programme|Public Welfare Assistance Scheme||||||||179|||Rufunsa Town Council|Lusaka Province|Rufunsa|Rufunsa
identification|District|12|12|12|12|12|"Number
of
vulnerable
perosns
identified"|"Activity
Reports"|179|"Quarterl
y"|Social Welfare|Rufunsa Town Council|Lusaka Province|Rufunsa|Rufunsa
and selection|||||||||179|||Rufunsa Town Council|Lusaka Province|Rufunsa|Rufunsa
of vulnarable|||||||||179|||Rufunsa Town Council|Lusaka Province|Rufunsa|Rufunsa
individuals|||||||||179|||Rufunsa Town Council|Lusaka Province|Rufunsa|Rufunsa
using PWAS|||||||||179|||Rufunsa Town Council|Lusaka Province|Rufunsa|Rufunsa
identification|||||||||179|||Rufunsa Town Council|Lusaka Province|Rufunsa|Rufunsa
process|||||||||179|||Rufunsa Town Council|Lusaka Province|Rufunsa|Rufunsa
(Wards)|||||||||179|||Rufunsa Town Council|Lusaka Province|Rufunsa|Rufunsa
Health care|District|50|100|200|250|300|"Number
of persons
supported"|"Activity
Reports"|179|"Quarterl
y"|Social Welfare|Rufunsa Town Council|Lusaka Province|Rufunsa|Rufunsa
support|||||||||179|||Rufunsa Town Council|Lusaka Province|Rufunsa|Rufunsa
Repatriation|District|10|15|20|25|30|"Number
of persons
repatriated"|"Activity
Reports"|179|"Quarterl
y"|Social Welfare|Rufunsa Town Council|Lusaka Province|Rufunsa|Rufunsa
of stranded|||||||||179|||Rufunsa Town Council|Lusaka Province|Rufunsa|Rufunsa
persons|||||||||179|||Rufunsa Town Council|Lusaka Province|Rufunsa|Rufunsa
Primary and|||||||||180|||Rufunsa Town Council|Lusaka Province|Rufunsa|Rufunsa
secondary|||||||||180|||Rufunsa Town Council|Lusaka Province|Rufunsa|Rufunsa
education|||||||||180|||Rufunsa Town Council|Lusaka Province|Rufunsa|Rufunsa
support|||||||||180|||Rufunsa Town Council|Lusaka Province|Rufunsa|Rufunsa
community|District|200|300|400|500|600|"Number
of
vulnerable
persons
supported"|"Activity
Reports"|180|"Quarterl
y"|Social Welfare|Rufunsa Town Council|Lusaka Province|Rufunsa|Rufunsa
vulnerable|||||||||180|||Rufunsa Town Council|Lusaka Province|Rufunsa|Rufunsa
|||||||||180|||Rufunsa Town Council|Lusaka Province|Rufunsa|Rufunsa
Programme|Women and youth empowerment||||||||180|||Rufunsa Town Council|Lusaka Province|Rufunsa|Rufunsa
Training of|District|13|13|0|0|0|"Number
of
trainings
undertake
n"|"Activity
Reports"|180|"Quarterl
y"|"Community
Development"|Rufunsa Town Council|Lusaka Province|Rufunsa|Rufunsa
Grievance|||||||||180|||Rufunsa Town Council|Lusaka Province|Rufunsa|Rufunsa
redress|||||||||180|||Rufunsa Town Council|Lusaka Province|Rufunsa|Rufunsa
mechanism|||||||||180|||Rufunsa Town Council|Lusaka Province|Rufunsa|Rufunsa
Focal Persons|||||||||180|||Rufunsa Town Council|Lusaka Province|Rufunsa|Rufunsa
Grievance|District|13|13|13|13|13|"Number
of
sensitisati
ons
undertake
n"|"Activity
Reports"|180|"Quarterl
y"|"Community
Development"|Rufunsa Town Council|Lusaka Province|Rufunsa|Rufunsa
sensitization|||||||||180|||Rufunsa Town Council|Lusaka Province|Rufunsa|Rufunsa
Collection Of|District|80|80|80|80|80|"Number
of
complaint
s resolved"|"Activity
Reports"|180|"Quarterl
y"|"Community
Development"|Rufunsa Town Council|Lusaka Province|Rufunsa|Rufunsa
GRM|||||||||180|||Rufunsa Town Council|Lusaka Province|Rufunsa|Rufunsa
Complaint|||||||||180|||Rufunsa Town Council|Lusaka Province|Rufunsa|Rufunsa
Forms under|||||||||180|||Rufunsa Town Council|Lusaka Province|Rufunsa|Rufunsa
Support|||||||||180|||Rufunsa Town Council|Lusaka Province|Rufunsa|Rufunsa
Women in|||||||||180|||Rufunsa Town Council|Lusaka Province|Rufunsa|Rufunsa
Livelihood|||||||||180|||Rufunsa Town Council|Lusaka Province|Rufunsa|Rufunsa
Savings group|District|12|12|12|12|12|"Number
of saving
groups
formed"|"Activity
Reports"|180|"Quarterl
y"|"Community
Development"|Rufunsa Town Council|Lusaka Province|Rufunsa|Rufunsa
formation and|||||||||180|||Rufunsa Town Council|Lusaka Province|Rufunsa|Rufunsa
Sensitizations|||||||||180|||Rufunsa Town Council|Lusaka Province|Rufunsa|Rufunsa
Trainers of|||||||||181|||Rufunsa Town Council|Lusaka Province|Rufunsa|Rufunsa
Trainers|||||||||181|||Rufunsa Town Council|Lusaka Province|Rufunsa|Rufunsa
training|||||||||181|||Rufunsa Town Council|Lusaka Province|Rufunsa|Rufunsa
workshop in|||||||||181|||Rufunsa Town Council|Lusaka Province|Rufunsa|Rufunsa
Revised life,|||||||||181|||Rufunsa Town Council|Lusaka Province|Rufunsa|Rufunsa
sexual|||||||||181|||Rufunsa Town Council|Lusaka Province|Rufunsa|Rufunsa
Reproductive|||||||||181|||Rufunsa Town Council|Lusaka Province|Rufunsa|Rufunsa
Health and|||||||||181|||Rufunsa Town Council|Lusaka Province|Rufunsa|Rufunsa
Business|||||||||181|||Rufunsa Town Council|Lusaka Province|Rufunsa|Rufunsa
Skills|||||||||181|||Rufunsa Town Council|Lusaka Province|Rufunsa|Rufunsa
Community|District|13|13|13|13|13|"Number
of
trainings
undertake
n"|"Activity
Reports"|181|"Quarterl
y"|"Community
Development"|Rufunsa Town Council|Lusaka Province|Rufunsa|Rufunsa
based|||||||||181|||Rufunsa Town Council|Lusaka Province|Rufunsa|Rufunsa
volunteers|||||||||181|||Rufunsa Town Council|Lusaka Province|Rufunsa|Rufunsa
training in|||||||||181|||Rufunsa Town Council|Lusaka Province|Rufunsa|Rufunsa
revised life,|||||||||181|||Rufunsa Town Council|Lusaka Province|Rufunsa|Rufunsa
Skills.|||||||||181|||Rufunsa Town Council|Lusaka Province|Rufunsa|Rufunsa
Beneficiary|District|281|0|0|0|0|"Number
of
trainings
undertake
n"|"Activity
Reports"|181|"Quarterl
y"|"Community
Development"|Rufunsa Town Council|Lusaka Province|Rufunsa|Rufunsa
Conduct|District|13|13|13|13|13|"Number
of
trainings
undertake
n"|"Activity
Reports"|181|"Quarterl
y"|"Community
Development"|Rufunsa Town Council|Lusaka Province|Rufunsa|Rufunsa
feedback|||||||||181|||Rufunsa Town Council|Lusaka Province|Rufunsa|Rufunsa
monitoring|||||||||181|||Rufunsa Town Council|Lusaka Province|Rufunsa|Rufunsa
|||||||||181|||Rufunsa Town Council|Lusaka Province|Rufunsa|Rufunsa
Conduct|||||||||182|||Rufunsa Town Council|Lusaka Province|Rufunsa|Rufunsa
mentorship to|||||||||182|||Rufunsa Town Council|Lusaka Province|Rufunsa|Rufunsa
SWL|||||||||182|||Rufunsa Town Council|Lusaka Province|Rufunsa|Rufunsa
beneficiaries|||||||||182|||Rufunsa Town Council|Lusaka Province|Rufunsa|Rufunsa
|||||||||182|||Rufunsa Town Council|Lusaka Province|Rufunsa|Rufunsa
Payment of|District|281|281|0|0|0|"proportion
of
beneficiari
es
receiving
grants"|"Activity
Reports"|182|"Quarterl
y"|"Community
Development"|Rufunsa Town Council|Lusaka Province|Rufunsa|Rufunsa
Grants for|||||||||182|||Rufunsa Town Council|Lusaka Province|Rufunsa|Rufunsa
Training of|District|20|25|30|35|40|"Number
of
trainings
undertake
n"|"Activity
Reports"|182|"Quarterl
y"|"Community
Development"|Rufunsa Town Council|Lusaka Province|Rufunsa|Rufunsa
women in|||||||||182|||Rufunsa Town Council|Lusaka Province|Rufunsa|Rufunsa
entrepreneurs|||||||||182|||Rufunsa Town Council|Lusaka Province|Rufunsa|Rufunsa
hip skills and|||||||||182|||Rufunsa Town Council|Lusaka Province|Rufunsa|Rufunsa
provision of|||||||||182|||Rufunsa Town Council|Lusaka Province|Rufunsa|Rufunsa
grants for|||||||||182|||Rufunsa Town Council|Lusaka Province|Rufunsa|Rufunsa
women Clubs|||||||||182|||Rufunsa Town Council|Lusaka Province|Rufunsa|Rufunsa
Programme|Community Self-help programs||||||||182|||Rufunsa Town Council|Lusaka Province|Rufunsa|Rufunsa
|||||||||182|||Rufunsa Town Council|Lusaka Province|Rufunsa|Rufunsa
Community|District|4|4|4|4|4|"Number
of
sensitisati
ons
undertake
n"|"Activity
Reports"|182|"Quarterl
y"|"Community
Development"|Rufunsa Town Council|Lusaka Province|Rufunsa|Rufunsa
sensitization|||||||||182|||Rufunsa Town Council|Lusaka Province|Rufunsa|Rufunsa
on community|||||||||182|||Rufunsa Town Council|Lusaka Province|Rufunsa|Rufunsa
self-projects|||||||||182|||Rufunsa Town Council|Lusaka Province|Rufunsa|Rufunsa
Programme|Non formal education||||||||182|||Rufunsa Town Council|Lusaka Province|Rufunsa|Rufunsa
Refresher|District|20|20|20|25|25|"Number
of
instructors
trained"|"Activity
Reports"|182|"Quarterl
y"|"Community
Development"|Rufunsa Town Council|Lusaka Province|Rufunsa|Rufunsa
course for|||||||||182|||Rufunsa Town Council|Lusaka Province|Rufunsa|Rufunsa
adult literacy|||||||||182|||Rufunsa Town Council|Lusaka Province|Rufunsa|Rufunsa
instructors|||||||||182|||Rufunsa Town Council|Lusaka Province|Rufunsa|Rufunsa
Revamping|||||||||183|||Rufunsa Town Council|Lusaka Province|Rufunsa|Rufunsa
and formation|||||||||183|||Rufunsa Town Council|Lusaka Province|Rufunsa|Rufunsa
of literacy|||||||||183|||Rufunsa Town Council|Lusaka Province|Rufunsa|Rufunsa
classes|||||||||183|||Rufunsa Town Council|Lusaka Province|Rufunsa|Rufunsa
|||||||||183|||Rufunsa Town Council|Lusaka Province|Rufunsa|Rufunsa
Procure|District|4|4|4|4|4|"Number
of training
material
procured"|"Activity
Reports"|183|"Quarterl
y"|"Community
Development"|Rufunsa Town Council|Lusaka Province|Rufunsa|Rufunsa
Teaching|||||||||183|||Rufunsa Town Council|Lusaka Province|Rufunsa|Rufunsa
material|||||||||183|||Rufunsa Town Council|Lusaka Province|Rufunsa|Rufunsa
Programme|Food Security Pack||||||||183|||Rufunsa Town Council|Lusaka Province|Rufunsa|Rufunsa
Provision of|District|1300|1500|1700|1900|2000|"Percentag
e of
beneficiari
es
receiving
FSP"|"Activity
Reports"|183|"Quarterl
y"|"Community
Development"|Rufunsa Town Council|Lusaka Province|Rufunsa|Rufunsa
food security|||||||||183|||Rufunsa Town Council|Lusaka Province|Rufunsa|Rufunsa
Pack|||||||||183|||Rufunsa Town Council|Lusaka Province|Rufunsa|Rufunsa
Sensitization|District|11|11|11|11|11|"Number
of
sensitisati
ons
undertake
n"|"Activity
Reports"|183|"Quarterl
y"|"Community
Development"|Rufunsa Town Council|Lusaka Province|Rufunsa|Rufunsa
and|||||||||183|||Rufunsa Town Council|Lusaka Province|Rufunsa|Rufunsa
orientations of|||||||||183|||Rufunsa Town Council|Lusaka Province|Rufunsa|Rufunsa
stakeholders|||||||||183|||Rufunsa Town Council|Lusaka Province|Rufunsa|Rufunsa
communities|||||||||183|||Rufunsa Town Council|Lusaka Province|Rufunsa|Rufunsa
on FSP|||||||||183|||Rufunsa Town Council|Lusaka Province|Rufunsa|Rufunsa
guidelines|||||||||183|||Rufunsa Town Council|Lusaka Province|Rufunsa|Rufunsa
community|District|11|11|11|11|11|"Number
of
caseloads
allocated"|"Activity
Reports"|183|"Quarterl
y"|"Community
Development"|Rufunsa Town Council|Lusaka Province|Rufunsa|Rufunsa
selection and|||||||||183|||Rufunsa Town Council|Lusaka Province|Rufunsa|Rufunsa
allocation of|||||||||183|||Rufunsa Town Council|Lusaka Province|Rufunsa|Rufunsa
caseloads|||||||||183|||Rufunsa Town Council|Lusaka Province|Rufunsa|Rufunsa
targeting|District|1300|1500|1700|1900|2000|"number of
beneficiari
es"|"Activity
Reports"|183|"Quarterl
y"|"Community
Development"|Rufunsa Town Council|Lusaka Province|Rufunsa|Rufunsa
beneficiary|||||||||183|||Rufunsa Town Council|Lusaka Province|Rufunsa|Rufunsa
households|||||||||183|||Rufunsa Town Council|Lusaka Province|Rufunsa|Rufunsa
for support,|||||||||183|||Rufunsa Town Council|Lusaka Province|Rufunsa|Rufunsa
Listing,|||||||||183|||Rufunsa Town Council|Lusaka Province|Rufunsa|Rufunsa
Community|||||||||184|||Rufunsa Town Council|Lusaka Province|Rufunsa|Rufunsa
validation,|||||||||184|||Rufunsa Town Council|Lusaka Province|Rufunsa|Rufunsa
Self-|||||||||184|||Rufunsa Town Council|Lusaka Province|Rufunsa|Rufunsa
registration|||||||||184|||Rufunsa Town Council|Lusaka Province|Rufunsa|Rufunsa
and Lottery|||||||||184|||Rufunsa Town Council|Lusaka Province|Rufunsa|Rufunsa
Training of|District|1300|1500|1700|1900|2000|"Number
of
trainings
undertake
n"|"Activity
Reports"|184|"Quarterl
y"|"Community
Development"|Rufunsa Town Council|Lusaka Province|Rufunsa|Rufunsa
Vulnerable|||||||||184|||Rufunsa Town Council|Lusaka Province|Rufunsa|Rufunsa
but Viable|||||||||184|||Rufunsa Town Council|Lusaka Province|Rufunsa|Rufunsa
farmers into|||||||||184|||Rufunsa Town Council|Lusaka Province|Rufunsa|Rufunsa
farming|||||||||184|||Rufunsa Town Council|Lusaka Province|Rufunsa|Rufunsa
methods|||||||||184|||Rufunsa Town Council|Lusaka Province|Rufunsa|Rufunsa
Distribution|District|1300|1500|1700|1900|2000|"Proportion
of
beneficiari
es
receiving
inputs"|"Activity
Reports"|184|"Quarterl
y"|"Community
Development"|Rufunsa Town Council|Lusaka Province|Rufunsa|Rufunsa
of Inputs|||||||||184|||Rufunsa Town Council|Lusaka Province|Rufunsa|Rufunsa
|||||||||184|||Rufunsa Town Council|Lusaka Province|Rufunsa|Rufunsa
Monitoring of|District|20|25|30|35|40|"Number
of
monitorin
g activates
undertake
n"|"Activity
Reports"|184|"Quarterl
y"|"Community
Development"|Rufunsa Town Council|Lusaka Province|Rufunsa|Rufunsa
crop|||||||||184|||Rufunsa Town Council|Lusaka Province|Rufunsa|Rufunsa
performance|||||||||184|||Rufunsa Town Council|Lusaka Province|Rufunsa|Rufunsa
Conduct|District|1300|1500|1700|1900|2000|"Number
of
harvests
undertake
n"|"Activity
Reports"|184|"Quarterl
y"|"Community
Development"|Rufunsa Town Council|Lusaka Province|Rufunsa|Rufunsa
Harvest|||||||||184|||Rufunsa Town Council|Lusaka Province|Rufunsa|Rufunsa
projection|||||||||184|||Rufunsa Town Council|Lusaka Province|Rufunsa|Rufunsa
Collection of|District|1300|1500|1700|1900|2000|"Amounts
of
collection
s"|"Activity
Reports"|184|"Quarterl
y"|"Community
Development"|Rufunsa Town Council|Lusaka Province|Rufunsa|Rufunsa
Recoveries|||||||||184|||Rufunsa Town Council|Lusaka Province|Rufunsa|Rufunsa
|||||||||185|||Rufunsa Town Council|Lusaka Province|Rufunsa|Rufunsa
Programme|Constituency Development Fund||||||||185|||Rufunsa Town Council|Lusaka Province|Rufunsa|Rufunsa
Empowermen|District|200|200|200|200|200|"Number
of
beneficiari
es"|CDF Reports|185|"Quarterl
y"|LA|Rufunsa Town Council|Lusaka Province|Rufunsa|Rufunsa
t Grants|||||||||185|||Rufunsa Town Council|Lusaka Province|Rufunsa|Rufunsa
Empoweremn|District|50|50|50|50|50|"Number
of
beneficiari
es"|CDF Reports|185|"Quarterl
y"|LA|Rufunsa Town Council|Lusaka Province|Rufunsa|Rufunsa
et Loans|||||||||185|||Rufunsa Town Council|Lusaka Province|Rufunsa|Rufunsa
Secondary|District|800|800|800|800|800|"Number
of
students
supported"|CDF Reports|185|"Quarterl
y"|LA|Rufunsa Town Council|Lusaka Province|Rufunsa|Rufunsa
School|||||||||185|||Rufunsa Town Council|Lusaka Province|Rufunsa|Rufunsa
Boarding|||||||||185|||Rufunsa Town Council|Lusaka Province|Rufunsa|Rufunsa
bursaries and|||||||||185|||Rufunsa Town Council|Lusaka Province|Rufunsa|Rufunsa
Skills|||||||||185|||Rufunsa Town Council|Lusaka Province|Rufunsa|Rufunsa
Development|||||||||185|||Rufunsa Town Council|Lusaka Province|Rufunsa|Rufunsa
Community|District|20|20|20|20|20|"Number
of
communit
y projects
undertake
n"|CDF Reports|185|"Quarterl
y"|LA|Rufunsa Town Council|Lusaka Province|Rufunsa|Rufunsa
Projects|||||||||185|||Rufunsa Town Council|Lusaka Province|Rufunsa|Rufunsa
Objective|Increased adaptive Capacity to Climate Change by 2034||||||||186|||Rufunsa Town Council|Lusaka Province|Rufunsa|Rufunsa
Strategy|Strengthen Climate Change Adaptation||||||||186|||Rufunsa Town Council|Lusaka Province|Rufunsa|Rufunsa
Programme|Community education and awareness||||||||186|||Rufunsa Town Council|Lusaka Province|Rufunsa|Rufunsa
|||||||||186|||Rufunsa Town Council|Lusaka Province|Rufunsa|Rufunsa
Activities|Locatio|Target|Target|Target|Target|Target|Output|Source of|186|Freq|Responsib|Rufunsa Town Council|Lusaka Province|Rufunsa|Rufunsa
|n (by|Year 1|Year 2|Year 3|Year 4|Year 5|Indicator|Informat|186|uenc|le Agency|Rufunsa Town Council|Lusaka Province|Rufunsa|Rufunsa
|priority|||||||ion|186|y||Rufunsa Town Council|Lusaka Province|Rufunsa|Rufunsa
|||||||||186|||Rufunsa Town Council|Lusaka Province|Rufunsa|Rufunsa
|)||||||||186|||Rufunsa Town Council|Lusaka Province|Rufunsa|Rufunsa
Conduct sensitisation|District|12|12|12|12|12|"Number of
awareness
meetings
held"|"Activity
Report"|186|"Quar
terly"|Forestry|Rufunsa Town Council|Lusaka Province|Rufunsa|Rufunsa
and awareness meetings|||||||||186|||Rufunsa Town Council|Lusaka Province|Rufunsa|Rufunsa
|||||||||186|||Rufunsa Town Council|Lusaka Province|Rufunsa|Rufunsa
Programme|Sustainable Forest Management||||||||186|||Rufunsa Town Council|Lusaka Province|Rufunsa|Rufunsa
Conduct general forest|District|16|16|16|16|16|"Number of
patrols
undertaken"|"Activity
Report"|186|"Quar
terly"|Forestry|Rufunsa Town Council|Lusaka Province|Rufunsa|Rufunsa
patrols|||||||||186|||Rufunsa Town Council|Lusaka Province|Rufunsa|Rufunsa
Conduct beekeeping|District|1|1|1|1|1|"Number of
beekeepers
trained"|"Activity
Report"|186|"Quar
terly"|Forestry|Rufunsa Town Council|Lusaka Province|Rufunsa|Rufunsa
trainings|||||||||186|||Rufunsa Town Council|Lusaka Province|Rufunsa|Rufunsa
Raise ad plant nursery|District|50,000|50,000|50,000|50,000|50,000|"Number of
seedlings
raised"|"Activity
Report"|186|"Quar
terly"|Forestry|Rufunsa Town Council|Lusaka Province|Rufunsa|Rufunsa
seedlings|||||||||186|||Rufunsa Town Council|Lusaka Province|Rufunsa|Rufunsa
Programme|Sustainable Wildlife Management||||||||186|||Rufunsa Town Council|Lusaka Province|Rufunsa|Rufunsa
Preparation of Game|District|1|1|1|||"Presence
of GMPs"|"Game
Managem
ent Plan"|186|"Ann
ually"|GRZ/BCP|Rufunsa Town Council|Lusaka Province|Rufunsa|Rufunsa
Management Plans|||||||||186|||Rufunsa Town Council|Lusaka Province|Rufunsa|Rufunsa
Maintenance of Animal|District|1|1|1|1|1|"Presence
of
maintained
corridors"|"Activity
Report"|186|"Quar
terly"|GRZ/BCP|Rufunsa Town Council|Lusaka Province|Rufunsa|Rufunsa
Corridors in Chipeketi|||||||||186|||Rufunsa Town Council|Lusaka Province|Rufunsa|Rufunsa
Bio-diversity monitoring|||||||||187|||Rufunsa Town Council|Lusaka Province|Rufunsa|Rufunsa
|||||||||187|||Rufunsa Town Council|Lusaka Province|Rufunsa|Rufunsa
Programme|climate Change Adaptation||||||||187|||Rufunsa Town Council|Lusaka Province|Rufunsa|Rufunsa
sensitisation and|District|2|2|2|2|2|"Number of
trainings
undertaken"|"Activity
Report"|187|"Quar
terly"|LA/HIVOs|Rufunsa Town Council|Lusaka Province|Rufunsa|Rufunsa
trainings on diverse food|||||||||187|||Rufunsa Town Council|Lusaka Province|Rufunsa|Rufunsa
systems|||||||||187|||Rufunsa Town Council|Lusaka Province|Rufunsa|Rufunsa
Trainings on Food|District|4|4|4|4|4|"Number of
trainings
undertaken"|"Activity
Report"|187|"Quar
terly"|LA/HIVOs|Rufunsa Town Council|Lusaka Province|Rufunsa|Rufunsa
Preservation|||||||||187|||Rufunsa Town Council|Lusaka Province|Rufunsa|Rufunsa
Strategy|Enhance natural resource management||||||||187|||Rufunsa Town Council|Lusaka Province|Rufunsa|Rufunsa
Programme|Parks and Gardens||||||||187|||Rufunsa Town Council|Lusaka Province|Rufunsa|Rufunsa
Activities|Locatio|Target|Target|Target|Target|Target|Output|Source of|187|Freq|Responsib|Rufunsa Town Council|Lusaka Province|Rufunsa|Rufunsa
|n (by|Year 1|Year 2|Year 3|Year 4|Year 5|Indicator|Informat|187|uenc|le Agency|Rufunsa Town Council|Lusaka Province|Rufunsa|Rufunsa
|priority|||||||ion|187|y||Rufunsa Town Council|Lusaka Province|Rufunsa|Rufunsa
|||||||||187|||Rufunsa Town Council|Lusaka Province|Rufunsa|Rufunsa
|)||||||||187|||Rufunsa Town Council|Lusaka Province|Rufunsa|Rufunsa
Obtaining certificate of|District|1|2||||"Number of
title deeds
obtained"|"Activity
report"|187|"Ann
ually"|LA|Rufunsa Town Council|Lusaka Province|Rufunsa|Rufunsa
title for open spaces|||||||||187|||Rufunsa Town Council|Lusaka Province|Rufunsa|Rufunsa
within the township|||||||||187|||Rufunsa Town Council|Lusaka Province|Rufunsa|Rufunsa
Tree Planting|District|400|400|400|400|400|"Number of
trees
planted"|"Activity
Report"|187|"Quar
terly"|"LA/Forestr
y"|Rufunsa Town Council|Lusaka Province|Rufunsa|Rufunsa
Maintaenance of open|District|1|3|3|3|3|"presence
of
maintained
openspace
s"|"Activity
report"|187|"Ann
ually"|LA|Rufunsa Town Council|Lusaka Province|Rufunsa|Rufunsa
spaces|||||||||187|||Rufunsa Town Council|Lusaka Province|Rufunsa|Rufunsa
Programme|Environmental Regulations||||||||188|||Rufunsa Town Council|Lusaka Province|Rufunsa|Rufunsa
Conduct enforcement of|District|10|10|10|10|10|"Number of
enforcemen
t nts
undertaken"|"Activity
Report"|188|"Quar
terly"|LA|Rufunsa Town Council|Lusaka Province|Rufunsa|Rufunsa
environmental|||||||||188|||Rufunsa Town Council|Lusaka Province|Rufunsa|Rufunsa
regulations|||||||||188|||Rufunsa Town Council|Lusaka Province|Rufunsa|Rufunsa
|||||||||188|||Rufunsa Town Council|Lusaka Province|Rufunsa|Rufunsa
Environmental and|District|12|12|12|12|12|"Number of
assessment
s
undertaken"|"Activity
Report"|188|"Quar
terly"|LA|Rufunsa Town Council|Lusaka Province|Rufunsa|Rufunsa
Social Impact|||||||||188|||Rufunsa Town Council|Lusaka Province|Rufunsa|Rufunsa
Assessments|||||||||188|||Rufunsa Town Council|Lusaka Province|Rufunsa|Rufunsa
Programme|Environmental Protection||||||||188|||Rufunsa Town Council|Lusaka Province|Rufunsa|Rufunsa
Mapping of Heritage|District|1|2|0|0|1|"Presence
of heritage"|"Activity
report"|188|"Ann
ually"|LA|Rufunsa Town Council|Lusaka Province|Rufunsa|Rufunsa
sites|||||||||188|||Rufunsa Town Council|Lusaka Province|Rufunsa|Rufunsa
Environmental|District|12|12|12|12|12|"Number of
awareness
held"|"Activity
Report"|188|"Quar
terly"|LA|Rufunsa Town Council|Lusaka Province|Rufunsa|Rufunsa
education and awareness|||||||||188|||Rufunsa Town Council|Lusaka Province|Rufunsa|Rufunsa
raising|||||||||188|||Rufunsa Town Council|Lusaka Province|Rufunsa|Rufunsa
Objective|To enhance Solid Waste Management System in the District by2034||||||||188|||Rufunsa Town Council|Lusaka Province|Rufunsa|Rufunsa
Strategy|Provision of infrastructure and equipment||||||||188|||Rufunsa Town Council|Lusaka Province|Rufunsa|Rufunsa
Programme|Preparation of a district solid waste management plan||||||||188|||Rufunsa Town Council|Lusaka Province|Rufunsa|Rufunsa
Activities|Locatio|Target|Target|Target|Target|Target|Output|Source of|188|Freq|Responsib|Rufunsa Town Council|Lusaka Province|Rufunsa|Rufunsa
|n (by|Year 1|Year 2|Year 3|Year 4|Year 5|Indicator|Informat|188|uenc|le agency/|Rufunsa Town Council|Lusaka Province|Rufunsa|Rufunsa
|priority|||||||ion|188|y||Rufunsa Town Council|Lusaka Province|Rufunsa|Rufunsa
|||||||||188|||Rufunsa Town Council|Lusaka Province|Rufunsa|Rufunsa
|)||||||||188|||Rufunsa Town Council|Lusaka Province|Rufunsa|Rufunsa
Preparation of Solid|"Rufunsa
District"|1|-|-|-|-|"Presence
of SWMP"|"Activity
report"|188|"Ann
ually"|LA|Rufunsa Town Council|Lusaka Province|Rufunsa|Rufunsa
waste management plan|||||||||188|||Rufunsa Town Council|Lusaka Province|Rufunsa|Rufunsa
Programme|Infrastructure development||||||||188|||Rufunsa Town Council|Lusaka Province|Rufunsa|Rufunsa
|||||||||188|||Rufunsa Town Council|Lusaka Province|Rufunsa|Rufunsa
Construction of refuse|"Rufunsa
District"|0|1|1|1|1|"Presence
of Refuse
bays"|"Project
Report"|188|"Ann
ually"|LA|Rufunsa Town Council|Lusaka Province|Rufunsa|Rufunsa
bays|||||||||188|||Rufunsa Town Council|Lusaka Province|Rufunsa|Rufunsa
Installation of skip bins|"Rufunsa
District"|0|0|0|0|1|"Number of
skip bins
installed"|"Activity
Report"|188|"Quar
terly"|LA|Rufunsa Town Council|Lusaka Province|Rufunsa|Rufunsa
Programme|Procurement of refuse management equipment||||||||189|||Rufunsa Town Council|Lusaka Province|Rufunsa|Rufunsa
|||||||||189|||Rufunsa Town Council|Lusaka Province|Rufunsa|Rufunsa
Procurement of a refuse|Rufunsa|0|1|0|0|0|"Presence
of rufuse
truck"|"Activity
report"|189|"Ann
ually"|LA|Rufunsa Town Council|Lusaka Province|Rufunsa|Rufunsa
truck|||||||||189|||Rufunsa Town Council|Lusaka Province|Rufunsa|Rufunsa
|||||||||189|||Rufunsa Town Council|Lusaka Province|Rufunsa|Rufunsa
Procurement of a refuse||0|0|0|1|0|"Presence
of rufuse
truck"|"Activity
report"|189|"Ann
ually"|LA|Rufunsa Town Council|Lusaka Province|Rufunsa|Rufunsa
skip collector|||||||||189|||Rufunsa Town Council|Lusaka Province|Rufunsa|Rufunsa
Procurement of refuse|"Rufunsa
District"|0|20|20|20|20|"Number of
rufuse bins
procured"|"Activity
Report"|189|"Quar
terly"|LA|Rufunsa Town Council|Lusaka Province|Rufunsa|Rufunsa
bins|||||||||189|||Rufunsa Town Council|Lusaka Province|Rufunsa|Rufunsa
Objective|To enhance citizen participation in development by 2034||||||||189|||Rufunsa Town Council|Lusaka Province|Rufunsa|Rufunsa
Strategy|Operationalise Ward Development Committees||||||||189|||Rufunsa Town Council|Lusaka Province|Rufunsa|Rufunsa
Programme|Ward Development Committees||||||||189|||Rufunsa Town Council|Lusaka Province|Rufunsa|Rufunsa
Activities|Location|Target|Target|Target|Target|Target|Output|Source of|189|Freq|Responsib|Rufunsa Town Council|Lusaka Province|Rufunsa|Rufunsa
|(by|Year 1|Year 2|Year 3|Year 4|Year 5|Indicator|Information|189|uenc|le Agency|Rufunsa Town Council|Lusaka Province|Rufunsa|Rufunsa
|priority)||||||||189|y||Rufunsa Town Council|Lusaka Province|Rufunsa|Rufunsa
|||||||||189|||Rufunsa Town Council|Lusaka Province|Rufunsa|Rufunsa
Orientation of|District|12|12|12|12|12|"Number of
WDCs
oriented"|"Activity
Report"|189|"Quart
erly"|LA|Rufunsa Town Council|Lusaka Province|Rufunsa|Rufunsa
WDCs|||||||||189|||Rufunsa Town Council|Lusaka Province|Rufunsa|Rufunsa
Implementatio|District|12|12|12|12|12|"Number of
WDF
projects
undertake
n"|"Project
Reports"|189|"Quart
erly"|LA|Rufunsa Town Council|Lusaka Province|Rufunsa|Rufunsa
n of WDF|||||||||189|||Rufunsa Town Council|Lusaka Province|Rufunsa|Rufunsa
projects|||||||||189|||Rufunsa Town Council|Lusaka Province|Rufunsa|Rufunsa
Objective|Create and maintain a mutual relationship between the Local Authority and its publics by 2034||||||||189|||Rufunsa Town Council|Lusaka Province|Rufunsa|Rufunsa
Strategy|Undertake dissemination of information to the public||||||||189|||Rufunsa Town Council|Lusaka Province|Rufunsa|Rufunsa
Programme|Publicity||||||||189|||Rufunsa Town Council|Lusaka Province|Rufunsa|Rufunsa
Activities|Location|Target|Target|Target|Target|Target|Output|Source of|190|Freq|Responsib|Rufunsa Town Council|Lusaka Province|Rufunsa|Rufunsa
|(by|Year 1|Year 2|Year 3|Year 4|Year 5|Indicator|Information|190|uenc|le Agency|Rufunsa Town Council|Lusaka Province|Rufunsa|Rufunsa
|priority)||||||||190|y||Rufunsa Town Council|Lusaka Province|Rufunsa|Rufunsa
|||||||||190|||Rufunsa Town Council|Lusaka Province|Rufunsa|Rufunsa
"Production of
brochures,
magazines and
pop up stands"|"Civic Center
information
desk"|1100|1100|1100|1100|1100|"Number of
IEC
materials
produced"|"Activity
Report"|190|"Quart
erly"|LA|Rufunsa Town Council|Lusaka Province|Rufunsa|Rufunsa
Sensitisation|Rufunsa|4|4|4|4|4|"Number of
sensitsatio
n
undertake
n"|"Activity
Report"|190|"Quart
erly"|LA|Rufunsa Town Council|Lusaka Province|Rufunsa|Rufunsa
|||||||||190|||Rufunsa Town Council|Lusaka Province|Rufunsa|Rufunsa
Procurement of|Rufunsa||1||||"Presence
of PA
system"|"Activity
Report"|190|"Annu
ally"||Rufunsa Town Council|Lusaka Province|Rufunsa|Rufunsa
PA System|||||||||190|||Rufunsa Town Council|Lusaka Province|Rufunsa|Rufunsa
Media Tours|Rufunsa|1|1|1|1|1|"Number of
media
tours
undertake
n"|"Activity
Report"|190|"Quart
erly"|LA|Rufunsa Town Council|Lusaka Province|Rufunsa|Rufunsa
Development|Rufunsa|0|1||||"Presence
of
grievance
mechanis
m"|"Activity
Report"|190|"Annu
ally"|LA|Rufunsa Town Council|Lusaka Province|Rufunsa|Rufunsa
of Grievance|||||||||190|||Rufunsa Town Council|Lusaka Province|Rufunsa|Rufunsa
Mechanism|||||||||190|||Rufunsa Town Council|Lusaka Province|Rufunsa|Rufunsa
Strategy|||||||||190|||Rufunsa Town Council|Lusaka Province|Rufunsa|Rufunsa
Objective|To improve the registration of land||||||||191|||Rufunsa Town Council|Lusaka Province|Rufunsa|Rufunsa
Strategy|Strengthening Land registration systems||||||||191|||Rufunsa Town Council|Lusaka Province|Rufunsa|Rufunsa
Programme|Land Management and Administration||||||||191|||Rufunsa Town Council|Lusaka Province|Rufunsa|Rufunsa
Activities|Location|Target|Target|Target|Target|Target|Output|Source of|191|Freq|Responsib|Rufunsa Town Council|Lusaka Province|Rufunsa|Rufunsa
|(by|Year 1|Year 2|Year 3|Year 4|Year 5|Indicator|Information|191|uenc|le Agency|Rufunsa Town Council|Lusaka Province|Rufunsa|Rufunsa
|priority)||||||||191|y||Rufunsa Town Council|Lusaka Province|Rufunsa|Rufunsa
|||||||||191|||Rufunsa Town Council|Lusaka Province|Rufunsa|Rufunsa
Development|"Rufunsa
Shikabeta
Townships"|1|1|-|-|-|"Presence
of LAP"|"Activity
Report"|191|"Annu
ally"|LA|Rufunsa Town Council|Lusaka Province|Rufunsa|Rufunsa
of LAP in|||||||||191|||Rufunsa Town Council|Lusaka Province|Rufunsa|Rufunsa
Sinjela and|||||||||191|||Rufunsa Town Council|Lusaka Province|Rufunsa|Rufunsa
Shikabeta|||||||||191|||Rufunsa Town Council|Lusaka Province|Rufunsa|Rufunsa
Maintenance|"Rufunsa
Shikabeta
Townships"|2|3|3|3|3|"Presence
of updated
land
database"|"Activity
Report"|191|"Quart
erly"|LA|Rufunsa Town Council|Lusaka Province|Rufunsa|Rufunsa
of land|||||||||191|||Rufunsa Town Council|Lusaka Province|Rufunsa|Rufunsa
database in|||||||||191|||Rufunsa Town Council|Lusaka Province|Rufunsa|Rufunsa
Rufunsa|||||||||191|||Rufunsa Town Council|Lusaka Province|Rufunsa|Rufunsa
Township|||||||||191|||Rufunsa Town Council|Lusaka Province|Rufunsa|Rufunsa
Community|"Rufunsa
Shikabeta
Townships"|4|4|4|4|4|"Number of
sensitisati
on
meetings
held"|"Activity
Report"|191|"Quart
erly"|LA|Rufunsa Town Council|Lusaka Province|Rufunsa|Rufunsa
Sensitisation|||||||||191|||Rufunsa Town Council|Lusaka Province|Rufunsa|Rufunsa
on planning|||||||||191|||Rufunsa Town Council|Lusaka Province|Rufunsa|Rufunsa
laws and|||||||||191|||Rufunsa Town Council|Lusaka Province|Rufunsa|Rufunsa
regulations|||||||||191|||Rufunsa Town Council|Lusaka Province|Rufunsa|Rufunsa
Procurement of|Township||1||||"Presence
of GIS Kit"|"Activity
Report"|191|"Annu
ally"|LA|Rufunsa Town Council|Lusaka Province|Rufunsa|Rufunsa
Geographical|||||||||191|||Rufunsa Town Council|Lusaka Province|Rufunsa|Rufunsa
Information|||||||||191|||Rufunsa Town Council|Lusaka Province|Rufunsa|Rufunsa
System Kit|||||||||191|||Rufunsa Town Council|Lusaka Province|Rufunsa|Rufunsa
|||||||||191|||Rufunsa Town Council|Lusaka Province|Rufunsa|Rufunsa
Objective|To enhance delivery of municipal services by 2034||||||||191|||Rufunsa Town Council|Lusaka Province|Rufunsa|Rufunsa
Strategy|Strengthen public serve performnace and management systems||||||||192|||Rufunsa Town Council|Lusaka Province|Rufunsa|Rufunsa
|||||||||192|||Rufunsa Town Council|Lusaka Province|Rufunsa|Rufunsa
Programme|ICT for public service delivery||||||||192|||Rufunsa Town Council|Lusaka Province|Rufunsa|Rufunsa
Activities|Location|Target|Target|Target|Target|Target|Output|Source of|192|Freq|Responsib|Rufunsa Town Council|Lusaka Province|Rufunsa|Rufunsa
|(by|Year 1|Year 2|Year 3|Year 4|Year 5|Indicator|Information|192|uenc|le Agency|Rufunsa Town Council|Lusaka Province|Rufunsa|Rufunsa
|priority)||||||||192|y||Rufunsa Town Council|Lusaka Province|Rufunsa|Rufunsa
|||||||||192|||Rufunsa Town Council|Lusaka Province|Rufunsa|Rufunsa
Formulation|Township|1|||1||"Presence
of ICT
Policy"|"Activity
Report"|192|"Annu
ally"|LA|Rufunsa Town Council|Lusaka Province|Rufunsa|Rufunsa
and|||||||||192|||Rufunsa Town Council|Lusaka Province|Rufunsa|Rufunsa
Implementatio|||||||||192|||Rufunsa Town Council|Lusaka Province|Rufunsa|Rufunsa
n of ICT policy|||||||||192|||Rufunsa Town Council|Lusaka Province|Rufunsa|Rufunsa
Installation of|Township|1|1|1|1|1|"Presence
of LAN"|"Activity
Report"|192|"Annu
ally"|LA|Rufunsa Town Council|Lusaka Province|Rufunsa|Rufunsa
LAN|||||||||192|||Rufunsa Town Council|Lusaka Province|Rufunsa|Rufunsa
Procurement of|Township|35|10|10|10|10|"Number of
ICT
Procured"|"Activity
Report"|192|"Annu
ally"|LA|Rufunsa Town Council|Lusaka Province|Rufunsa|Rufunsa
ICT equipment|||||||||192|||Rufunsa Town Council|Lusaka Province|Rufunsa|Rufunsa
and Software|||||||||192|||Rufunsa Town Council|Lusaka Province|Rufunsa|Rufunsa
Capacity|Township||2|1|1|1|"Number of
staff
capacity
built in
ICT"|"Activity
Report"|192|"Annu
ally"|LA|Rufunsa Town Council|Lusaka Province|Rufunsa|Rufunsa
building in ICT|||||||||192|||Rufunsa Town Council|Lusaka Province|Rufunsa|Rufunsa
|||||||||192|||Rufunsa Town Council|Lusaka Province|Rufunsa|Rufunsa
E Payment|Township||1|1|1|1|"Presence
of E
Payment
system"|"Activity
Report"|192|"Annu
ally"|LA|Rufunsa Town Council|Lusaka Province|Rufunsa|Rufunsa
systems|||||||||192|||Rufunsa Town Council|Lusaka Province|Rufunsa|Rufunsa
Objective|To Improve Postal and Radio Services by 2034||||||||192|||Rufunsa Town Council|Lusaka Province|Rufunsa|Rufunsa
Strategy|construction postal and radio service infrastructure||||||||192|||Rufunsa Town Council|Lusaka Province|Rufunsa|Rufunsa
Programme|Infrastructure Development||||||||192|||Rufunsa Town Council|Lusaka Province|Rufunsa|Rufunsa
Activities|Location|Target|Target|Target|Target|Target|Output|Source of|193|Freq|Responsib|Rufunsa Town Council|Lusaka Province|Rufunsa|Rufunsa
|(by|Year 1|Year 2|Year 3|Year 4|Year 5|Indicator|Information|193|uenc|le Agency|Rufunsa Town Council|Lusaka Province|Rufunsa|Rufunsa
|priority)||||||||193|y||Rufunsa Town Council|Lusaka Province|Rufunsa|Rufunsa
|||||||||193|||Rufunsa Town Council|Lusaka Province|Rufunsa|Rufunsa
Setting up of|District|0|0|1|0|0|"Presence
of radio
station"|"Project
Reports"|193|"Annu
ally"|"LA/
Partners"|Rufunsa Town Council|Lusaka Province|Rufunsa|Rufunsa
community|||||||||193|||Rufunsa Town Council|Lusaka Province|Rufunsa|Rufunsa
Radio Station|||||||||193|||Rufunsa Town Council|Lusaka Province|Rufunsa|Rufunsa
Completion of|Township|0|0|1|0|0|"Presence
of post
office"|"Project
Reports"|193|"Annu
ally"|MOI|Rufunsa Town Council|Lusaka Province|Rufunsa|Rufunsa
Rufunsa Post|||||||||193|||Rufunsa Town Council|Lusaka Province|Rufunsa|Rufunsa
Office|||||||||193|||Rufunsa Town Council|Lusaka Province|Rufunsa|Rufunsa
Strategy|To enhance public order and safety by 2034||||||||193|||Rufunsa Town Council|Lusaka Province|Rufunsa|Rufunsa
Strategy|Enhance public safety and order infrastructure and services||||||||193|||Rufunsa Town Council|Lusaka Province|Rufunsa|Rufunsa
Programme|Infrastructure Development||||||||193|||Rufunsa Town Council|Lusaka Province|Rufunsa|Rufunsa
Construction|Township|0|0|0|1|0|"Presence
of
Infrastruct
ure"|"Project
Reports"|193|"Annu
ally"|LA|Rufunsa Town Council|Lusaka Province|Rufunsa|Rufunsa
of Fire station|||||||||193|||Rufunsa Town Council|Lusaka Province|Rufunsa|Rufunsa
|||||||||193|||Rufunsa Town Council|Lusaka Province|Rufunsa|Rufunsa
Construction|District|1|0|0|0|0|"Presence
of
Infrastruct
ure"|"Project
Reports"|193|"Annu
ally"|"LA/Partne
rs"|Rufunsa Town Council|Lusaka Province|Rufunsa|Rufunsa
of police posts/|||||||||193|||Rufunsa Town Council|Lusaka Province|Rufunsa|Rufunsa
stations|||||||||193|||Rufunsa Town Council|Lusaka Province|Rufunsa|Rufunsa
Construction|Township|0|1|0|0|0|"Presence
of
Infrastruct
ure"|"Project
Reports"|193|"Annu
ally"|MIHUD|Rufunsa Town Council|Lusaka Province|Rufunsa|Rufunsa
of Police|||||||||193|||Rufunsa Town Council|Lusaka Province|Rufunsa|Rufunsa
Station, 2 No.|||||||||193|||Rufunsa Town Council|Lusaka Province|Rufunsa|Rufunsa
Medium|||||||||193|||Rufunsa Town Council|Lusaka Province|Rufunsa|Rufunsa
Houses, 8 No.|||||||||193|||Rufunsa Town Council|Lusaka Province|Rufunsa|Rufunsa
Low Cost|||||||||193|||Rufunsa Town Council|Lusaka Province|Rufunsa|Rufunsa
Houses|||||||||193|||Rufunsa Town Council|Lusaka Province|Rufunsa|Rufunsa
Programme|Fire service equipment||||||||193|||Rufunsa Town Council|Lusaka Province|Rufunsa|Rufunsa
|||||||||193|||Rufunsa Town Council|Lusaka Province|Rufunsa|Rufunsa
Objective|To provide District Administration infrastructure to support governance systems by 2034||||||||194|||Rufunsa Town Council|Lusaka Province|Rufunsa|Rufunsa
Strategy|Completion of on-going government infrastructure||||||||194|||Rufunsa Town Council|Lusaka Province|Rufunsa|Rufunsa
Programme|Infrastructure Development||||||||194|||Rufunsa Town Council|Lusaka Province|Rufunsa|Rufunsa
Activities|Location|Target|Target|Target|Target|Target|Output|Source of|194|Freq|Responsib|Rufunsa Town Council|Lusaka Province|Rufunsa|Rufunsa
|(by|Year 1|Year 2|Year 3|Year 4|Year 5|Indicator|Information|194|uenc|le Agency|Rufunsa Town Council|Lusaka Province|Rufunsa|Rufunsa
|priority)||||||||194|y||Rufunsa Town Council|Lusaka Province|Rufunsa|Rufunsa
|||||||||194|||Rufunsa Town Council|Lusaka Province|Rufunsa|Rufunsa
Construction|Township|0|1|0|0|0|"Presence
of
Infrastruct
ure"|"Project
Reports"|194|"Annu
ally"|MIHUD|Rufunsa Town Council|Lusaka Province|Rufunsa|Rufunsa
of District|||||||||194|||Rufunsa Town Council|Lusaka Province|Rufunsa|Rufunsa
Admin Block|||||||||194|||Rufunsa Town Council|Lusaka Province|Rufunsa|Rufunsa
|||||||||194|||Rufunsa Town Council|Lusaka Province|Rufunsa|Rufunsa
of Council|||||||||194|||Rufunsa Town Council|Lusaka Province|Rufunsa|Rufunsa
& 2 High Cost|||||||||194|||Rufunsa Town Council|Lusaka Province|Rufunsa|Rufunsa
Houses &|||||||||194|||Rufunsa Town Council|Lusaka Province|Rufunsa|Rufunsa
External|||||||||194|||Rufunsa Town Council|Lusaka Province|Rufunsa|Rufunsa
Works|||||||||194|||Rufunsa Town Council|Lusaka Province|Rufunsa|Rufunsa
of 20 No. Low|||||||||194|||Rufunsa Town Council|Lusaka Province|Rufunsa|Rufunsa
Cost Houses &|||||||||194|||Rufunsa Town Council|Lusaka Province|Rufunsa|Rufunsa
Associated|||||||||194|||Rufunsa Town Council|Lusaka Province|Rufunsa|Rufunsa
